language,gloss,form,ipa_tokens,cogid_source,raw_score,adjusted_score,lexstat_penalized,yakut_artifact_flag,thin_lang_flag,n_tokens,n_lookups,threshold,loan_class,thin_lang_note
Turkmen,bone,syŋk,s y ŋ k,savelyev,-1.5433,-1.5433,False,False,True,4,4,-1.1851,unknown,LOW_CONFIDENCE_thin_lang
Kazakh,feather,ʒe,ʒ e,lexstat,-1.1027,-1.4027,True,False,False,2,2,-1.1851,unknown,
Yakut,egg,sɯmɯ:t,s ɯ m ɯː t,savelyev,-1.2229,-1.2229,False,False,False,5,5,-1.1851,unknown,
Uyghur,all,ʒiqil,ʒ i q i l,lexstat,-1.401,-1.701,True,False,True,5,5,-1.1851,unknown,LOW_CONFIDENCE_thin_lang
Yakut,all,tys,t y s,lexstat,-1.3245,-1.6245,True,False,False,3,3,-1.1851,unknown,
Chuvash,all,yk,y k,lexstat,-1.1483,-1.4483,True,False,False,2,2,-1.1851,unknown,
Yakut,head,sy:s,s yː s,savelyev,-1.2839,-1.2839,False,False,False,3,3,-1.1851,unknown,
Chuvash,hair,ɕyɕ,ɕ y ɕ,savelyev,-1.2064,-1.2064,False,False,False,3,3,-1.1851,unknown,
Kyrgyz,horn,myjyz,m y j y z,savelyev,-2.468,-2.468,False,False,True,5,5,-1.1851,unknown,LOW_CONFIDENCE_thin_lang
Uyghur,horn,? myŋgyz,m y ŋ g y z,savelyev,-3.0289,-3.0289,False,False,True,6,6,-1.1851,unknown,LOW_CONFIDENCE_thin_lang
Yakut,horn,muos,m u o s,savelyev,-1.2687,-1.2687,False,False,False,4,4,-1.1851,unknown,
Kyrgyz,many,køp,k ø p,savelyev,-2.2184,-2.2184,False,False,True,3,3,-1.1851,unknown,LOW_CONFIDENCE_thin_lang
Yakut,seed,kør,k ø r,lexstat,-0.9739,-1.2739,True,False,False,3,3,-1.1851,unknown,
Turkmen,small,kiʨi(ʥik),k i ʨ i ʥ i k,savelyev,-1.8743,-1.8743,False,False,True,7,7,-1.1851,unknown,LOW_CONFIDENCE_thin_lang
Yakut,tree,mas,m a s,savelyev,-1.2068,-1.2068,False,False,False,3,3,-1.1851,unknown,
Turkmen,what,nɛme,n æ m e,savelyev,-1.6173,-1.6173,False,False,True,4,4,-1.1851,unknown,LOW_CONFIDENCE_thin_lang
Yakut,who,kim,k i m,savelyev,-1.1945,-1.1945,False,False,False,3,3,-1.1851,unknown,
Kazakh,woman,bɪjke,b ɪ j k e,lexstat,-0.9314,-1.2314,True,False,False,5,5,-1.1851,unknown,
Chuvash,flesh,aʂ,a ʂ,lexstat,-1.0926,-1.3926,True,False,False,2,2,-1.1851,unknown,
Chuvash,small,ˈpɘt͡ɕɘk,p ɘ tɕ ɘ k,lexstat,-1.2966,-1.5966,True,False,False,5,5,-1.1851,unknown,
Chuvash,many,miˈɕ̬ɛ,m i ɕ ɛ,lexstat,-1.1597,-1.4597,True,False,False,4,4,-1.1851,unknown,
Yakut,woman,ɟaxtaɾ,ɟ a x t a ɾ,lexstat,-1.0983,-1.3983,True,False,False,6,6,-1.1851,unknown,
Yakut,many,tøhø,t ø h ø,lexstat,-1.1502,-1.4502,True,False,False,4,4,-1.1851,unknown,
Turkish,clever,zɛkiː,z ɛ k iː,northeuralex,-1.9189,-1.9189,False,False,False,4,4,-1.1851,unknown,
Uzbek,seven,ɛtːi,ɛ tː i,northeuralex,-1.2267,-1.2267,False,False,False,3,3,-1.1851,unknown,
Kazakh,flower,ɡʊl,g ʊ l,northeuralex,-1.1981,-1.1981,False,False,False,3,3,-1.1851,unknown,
Kazakh,wish,mʊdːe,m ʊ dː e,northeuralex,-2.2809,-2.2809,False,False,False,4,4,-1.1851,unknown,
Chuvash,nape,ɘnˈs̬ɛ,ɘ n s ɛ,northeuralex,-1.2197,-1.2197,False,False,False,4,4,-1.1851,unknown,
Chuvash,breast,ˈumɘ,u m ɘ,northeuralex,-1.1875,-1.1875,False,False,False,3,3,-1.1851,unknown,
Chuvash,elbow,t͡ɕaʋˈs̬a,tɕ a ʋ s a,northeuralex,-1.1874,-1.1874,False,False,False,5,5,-1.1851,unknown,
Chuvash,thigh,ˈpɘɕɘ,p ɘ ɕ ɘ,northeuralex,-1.3078,-1.3078,False,False,False,4,4,-1.1851,unknown,
Chuvash,heart,t͡ɕɘˈrɛ,tɕ ɘ r ɛ,northeuralex,-1.2736,-1.2736,False,False,False,4,4,-1.1851,unknown,
Chuvash,earth,ɕɘr,ɕ ɘ r,northeuralex,-1.2233,-1.2233,False,False,False,3,3,-1.1851,unknown,
Chuvash,frost,ˈsiʋɘ,s i ʋ ɘ,northeuralex,-1.2312,-1.2312,False,False,False,4,4,-1.1851,unknown,
Chuvash,chill,ˈsiʋɘ,s i ʋ ɘ,northeuralex,-1.2312,-1.2312,False,False,False,4,4,-1.1851,unknown,
Chuvash,hill,tɘmɛsˈkɛ,t ɘ m ɛ s k ɛ,northeuralex,-1.1938,-1.1938,False,False,False,7,7,-1.1851,unknown,
Chuvash,flower,t͡ɕɛˈt͡ɕ̬ɛk,tɕ ɛ tɕ ɛ k,northeuralex,-1.2639,-1.2639,False,False,False,5,5,-1.1851,unknown,
Chuvash,cow,ɘˈnɛ,ɘ n ɛ,northeuralex,-1.1883,-1.1883,False,False,False,3,3,-1.1851,unknown,
Chuvash,grain,ˈtɘʂɘ,t ɘ ʂ ɘ,northeuralex,-1.249,-1.249,False,False,False,4,4,-1.1851,unknown,
Chuvash,grain,ˈpɘrt̬͡ɕɘ,p ɘ r tɕ ɘ,northeuralex,-1.2671,-1.2671,False,False,False,5,5,-1.1851,unknown,
Chuvash,silver,ˈkɘmɘl,k ɘ m ɘ l,northeuralex,-1.1885,-1.1885,False,False,False,5,5,-1.1851,unknown,
Chuvash,child,aˈt͡ɕ̬a,a tɕ a,northeuralex,-1.2353,-1.2353,False,False,False,3,3,-1.1851,unknown,
Chuvash,boy,aˈt͡ɕ̬a,a tɕ a,northeuralex,-1.2353,-1.2353,False,False,False,3,3,-1.1851,unknown,
Chuvash,wish,ˈɘmɘt,ɘ m ɘ t,northeuralex,-1.2553,-1.2553,False,False,False,4,4,-1.1851,unknown,
Chuvash,memory,as,a s,northeuralex,-1.2394,-1.2394,False,False,False,2,2,-1.1851,unknown,
Chuvash,voice,ˈsasə,s a s ə,northeuralex,-1.211,-1.211,False,False,False,4,4,-1.1851,unknown,
Chuvash,call,t͡ɕɘny,tɕ ɘ n y,northeuralex,-1.2293,-1.2293,False,False,False,4,4,-1.1851,unknown,
Chuvash,sound,ˈsasə,s a s ə,northeuralex,-1.211,-1.211,False,False,False,4,4,-1.1851,unknown,
Chuvash,tone,ˈsasə,s a s ə,northeuralex,-1.211,-1.211,False,False,False,4,4,-1.1851,unknown,
Chuvash,matter,ɘɕ,ɘ ɕ,northeuralex,-1.3717,-1.3717,False,False,False,2,2,-1.1851,unknown,
Chuvash,sort,tɘs,t ɘ s,northeuralex,-1.2481,-1.2481,False,False,False,3,3,-1.1851,unknown,
Chuvash,fringe,ʋɘɕ,ʋ ɘ ɕ,northeuralex,-1.2202,-1.2202,False,False,False,3,3,-1.1851,unknown,
Chuvash,corner,kɘˈt̬ɛs,k ɘ t ɛ s,northeuralex,-1.213,-1.213,False,False,False,5,5,-1.1851,unknown,
Chuvash,tip,ʋɘɕ,ʋ ɘ ɕ,northeuralex,-1.2202,-1.2202,False,False,False,3,3,-1.1851,unknown,
Chuvash,end,ʋɘɕ,ʋ ɘ ɕ,northeuralex,-1.2202,-1.2202,False,False,False,3,3,-1.1851,unknown,
Chuvash,angle,kɘˈt̬ɛs,k ɘ t ɛ s,northeuralex,-1.213,-1.213,False,False,False,5,5,-1.1851,unknown,
Chuvash,boat,ˈkimɘ,k i m ɘ,northeuralex,-1.2032,-1.2032,False,False,False,4,4,-1.1851,unknown,
Chuvash,window,t͡ɕyrɛˈt͡ɕ̬ɛ,tɕ y r ɛ tɕ ɛ,northeuralex,-1.2325,-1.2325,False,False,False,6,6,-1.1851,unknown,
Chuvash,spade,kɘrɛˈɕ̬ɛ,k ɘ r ɛ ɕ ɛ,northeuralex,-1.2062,-1.2062,False,False,False,6,6,-1.1851,unknown,
Chuvash,shovel,kɘrɛˈɕ̬ɛ,k ɘ r ɛ ɕ ɛ,northeuralex,-1.2062,-1.2062,False,False,False,6,6,-1.1851,unknown,
Chuvash,knife,ˈɕɘɕɘ,ɕ ɘ ɕ ɘ,northeuralex,-1.3717,-1.3717,False,False,False,4,4,-1.1851,unknown,
Chuvash,dish,ˈɕimɘɕ,ɕ i m ɘ ɕ,northeuralex,-1.2271,-1.2271,False,False,False,5,5,-1.1851,unknown,
Chuvash,slice,ˈt͡ɕɘlɘ,tɕ ɘ l ɘ,northeuralex,-1.2998,-1.2998,False,False,False,4,4,-1.1851,unknown,
Chuvash,milk,sɘt,s ɘ t,northeuralex,-1.2481,-1.2481,False,False,False,3,3,-1.1851,unknown,
Chuvash,shirt,kɘˈp̬ɛ,k ɘ p ɛ,northeuralex,-1.202,-1.202,False,False,False,4,4,-1.1851,unknown,
Chuvash,cap,ˈɕɘlɘk,ɕ ɘ l ɘ k,northeuralex,-1.219,-1.219,False,False,False,5,5,-1.1851,unknown,
Chuvash,ring,ˈɕɘrɘ,ɕ ɘ r ɘ,northeuralex,-1.3038,-1.3038,False,False,False,4,4,-1.1851,unknown,
Chuvash,ribbon,jɘsˈmɛ,j ɘ s m ɛ,northeuralex,-1.1903,-1.1903,False,False,False,5,5,-1.1851,unknown,
Chuvash,mirror,ˈtɘkɘr,t ɘ k ɘ r,northeuralex,-1.1952,-1.1952,False,False,False,5,5,-1.1851,unknown,
Chuvash,strap,t͡ɕɘn,tɕ ɘ n,northeuralex,-1.2315,-1.2315,False,False,False,3,3,-1.1851,unknown,
Chuvash,border,ˈt͡ɕikɘ,tɕ i k ɘ,northeuralex,-1.2859,-1.2859,False,False,False,4,4,-1.1851,unknown,
Chuvash,little,ˈpɘt͡ɕɘk,p ɘ tɕ ɘ k,northeuralex,-1.2966,-1.2966,False,False,False,5,5,-1.1851,unknown,
Chuvash,short,kɘsˈkɛ,k ɘ s k ɛ,northeuralex,-1.2507,-1.2507,False,False,False,5,5,-1.1851,unknown,
Chuvash,soft,ɕɛmˈɕ̬ɛ,ɕ ɛ m ɕ ɛ,northeuralex,-1.187,-1.187,False,False,False,5,5,-1.1851,unknown,
Chuvash,pointed,ˈʂɘʋɘr,ʂ ɘ ʋ ɘ r,northeuralex,-1.1909,-1.1909,False,False,False,5,5,-1.1851,unknown,
Chuvash,sharp,ˈɕiʋɘt͡ɕ,ɕ i ʋ ɘ tɕ,northeuralex,-1.2371,-1.2371,False,False,False,5,5,-1.1851,unknown,
Chuvash,blunt,ˈtɘrɘnt̬͡ɕɘk,t ɘ r ɘ n tɕ ɘ k,northeuralex,-1.2088,-1.2088,False,False,False,8,8,-1.1851,unknown,
Chuvash,cold,ˈsiʋɘ,s i ʋ ɘ,northeuralex,-1.2312,-1.2312,False,False,False,4,4,-1.1851,unknown,
Chuvash,raw,t͡ɕɘrɘ,tɕ ɘ r ɘ,northeuralex,-1.3483,-1.3483,False,False,False,4,4,-1.1851,unknown,
Chuvash,bitter,ˈjyɕɘ,j y ɕ ɘ,northeuralex,-1.1916,-1.1916,False,False,False,4,4,-1.1851,unknown,
Chuvash,sour,ˈjyɕɘ,j y ɕ ɘ,northeuralex,-1.1916,-1.1916,False,False,False,4,4,-1.1851,unknown,
Chuvash,green,ˈsimɘs,s i m ɘ s,northeuralex,-1.2733,-1.2733,False,False,False,5,5,-1.1851,unknown,
Chuvash,living,ˈt͡ɕɘrɘ,tɕ ɘ r ɘ,northeuralex,-1.3483,-1.3483,False,False,False,4,4,-1.1851,unknown,
Chuvash,correct,ˈtɘrɘs,t ɘ r ɘ s,northeuralex,-1.2432,-1.2432,False,False,False,5,5,-1.1851,unknown,
Chuvash,"nasty, dire",jɘrɘnt̬͡ɕɘk,j ɘ r ɘ n tɕ ɘ k,northeuralex,-1.1982,-1.1982,False,False,False,8,8,-1.1851,unknown,
Chuvash,new,ˈɕɘnɘ,ɕ ɘ n ɘ,northeuralex,-1.2654,-1.2654,False,False,False,4,4,-1.1851,unknown,
Chuvash,second,ˈikɘmɘʂ,i k ɘ m ɘ ʂ,northeuralex,-1.2297,-1.2297,False,False,False,6,6,-1.1851,unknown,
Chuvash,third,ˈʋiɕɘmɘʂ,ʋ i ɕ ɘ m ɘ ʂ,northeuralex,-1.2029,-1.2029,False,False,False,7,7,-1.1851,unknown,
Chuvash,ahead,ˈtikɘs,t i k ɘ s,northeuralex,-1.1934,-1.1934,False,False,False,5,5,-1.1851,unknown,
Chuvash,already,ˈɘnt̬ɘ,ɘ n t ɘ,northeuralex,-1.1872,-1.1872,False,False,False,4,4,-1.1851,unknown,
Chuvash,they,ʋɘˈs̬ɛm,ʋ ɘ s ɛ m,northeuralex,-1.2137,-1.2137,False,False,False,5,5,-1.1851,unknown,
Chuvash,three,ʋiɕ̬ɘ,ʋ i ɕ ɘ,northeuralex,-1.2023,-1.2023,False,False,False,4,4,-1.1851,unknown,
Chuvash,three,ˈʋiɕɘ,ʋ i ɕ ɘ,northeuralex,-1.2023,-1.2023,False,False,False,4,4,-1.1851,unknown,
Chuvash,seven,ɕit͡ɕ,ɕ i tɕ,northeuralex,-1.241,-1.241,False,False,False,3,3,-1.1851,unknown,
Chuvash,seven,ˈɕit͡ɕɘ,ɕ i tɕ ɘ,northeuralex,-1.317,-1.317,False,False,False,4,4,-1.1851,unknown,
Chuvash,seven,ˈɕit͡ɕɘ,ɕ i tɕ ɘ,northeuralex,-1.317,-1.317,False,False,False,4,4,-1.1851,unknown,
Chuvash,or,ɛ,ɛ,northeuralex,-1.2465,-1.2465,False,False,False,1,1,-1.1851,unknown,
Chuvash,rot,ɕɘr,ɕ ɘ r,northeuralex,-1.2233,-1.2233,False,False,False,3,3,-1.1851,unknown,
Chuvash,decay,ɕɘr,ɕ ɘ r,northeuralex,-1.2233,-1.2233,False,False,False,3,3,-1.1851,unknown,
Chuvash,"drop, descend",t͡ɕak,tɕ a k,northeuralex,-1.205,-1.205,False,False,False,3,3,-1.1851,unknown,
Chuvash,decrease,t͡ɕak,tɕ a k,northeuralex,-1.205,-1.205,False,False,False,3,3,-1.1851,unknown,
Chuvash,grow,ys,y s,northeuralex,-1.2682,-1.2682,False,False,False,2,2,-1.1851,unknown,
Chuvash,tremble,t͡ɕɘtˈrɛ,tɕ ɘ t r ɛ,northeuralex,-1.196,-1.196,False,False,False,5,5,-1.1851,unknown,
Chuvash,drink,ɘɕ,ɘ ɕ,northeuralex,-1.3717,-1.3717,False,False,False,2,2,-1.1851,unknown,
Chuvash,cough,ˈysɘr,y s ɘ r,northeuralex,-1.2521,-1.2521,False,False,False,4,4,-1.1851,unknown,
Chuvash,fly,ʋɘɕ,ʋ ɘ ɕ,northeuralex,-1.2202,-1.2202,False,False,False,3,3,-1.1851,unknown,
Chuvash,feel,sis,s i s,northeuralex,-1.2587,-1.2587,False,False,False,3,3,-1.1851,unknown,
Chuvash,stick,t͡ɕik,tɕ i k,northeuralex,-1.1995,-1.1995,False,False,False,3,3,-1.1851,unknown,
Chuvash,spread,sɘr,s ɘ r,northeuralex,-1.2619,-1.2619,False,False,False,3,3,-1.1851,unknown,
Chuvash,wrap,t͡ɕɘrˈk̬ɛ,tɕ ɘ r k ɛ,northeuralex,-1.2337,-1.2337,False,False,False,5,5,-1.1851,unknown,
Chuvash,drag,ˈsɘtɘr,s ɘ t ɘ r,northeuralex,-1.2432,-1.2432,False,False,False,5,5,-1.1851,unknown,
Chuvash,break,ˈɕɘmɘr,ɕ ɘ m ɘ r,northeuralex,-1.2521,-1.2521,False,False,False,5,5,-1.1851,unknown,
Chuvash,invite,t͡ɕɘn,tɕ ɘ n,northeuralex,-1.2315,-1.2315,False,False,False,3,3,-1.1851,unknown,
Chuvash,sting,t͡ɕik,tɕ i k,northeuralex,-1.1995,-1.1995,False,False,False,3,3,-1.1851,unknown,
Chuvash,name,t͡ɕɘn,tɕ ɘ n,northeuralex,-1.2315,-1.2315,False,False,False,3,3,-1.1851,unknown,
Chuvash,call,t͡ɕɘn,tɕ ɘ n,northeuralex,-1.2315,-1.2315,False,False,False,3,3,-1.1851,unknown,
Yakut,lip,u͡os,uo s,northeuralex,-1.3565,-1.3565,False,False,False,2,2,-1.1851,unknown,
Yakut,cheek,i͡edes,ie d e s,northeuralex,-1.2054,-1.2054,False,False,False,4,4,-1.1851,unknown,
Yakut,forehead,syːs,s yː s,northeuralex,-1.2839,-1.2839,False,False,False,3,3,-1.1851,unknown,
Yakut,belly,is,i s,northeuralex,-1.2499,-1.2499,False,False,False,2,2,-1.1851,unknown,
Yakut,breast,ty͡øs,t yø s,northeuralex,-1.2542,-1.2542,False,False,False,3,3,-1.1851,unknown,
Yakut,thigh,øtːyk,ø tː y k,northeuralex,-1.2888,-1.2888,False,False,False,4,4,-1.1851,unknown,
Yakut,vein,vʲena,vʲ e n a,northeuralex,-2.1495,-2.1495,False,False,False,4,4,-1.1851,unknown,
Yakut,heart,syɾex,s y ɾ e x,northeuralex,-1.2302,-1.2302,False,False,False,5,5,-1.1851,unknown,
Yakut,odour,sɯt,s ɯ t,northeuralex,-1.1856,-1.1856,False,False,False,3,3,-1.1851,unknown,
Yakut,water,uː,uː,northeuralex,-1.3209,-1.3209,False,False,False,1,1,-1.1851,unknown,
Yakut,ground,siɾ,s i ɾ,northeuralex,-1.2056,-1.2056,False,False,False,3,3,-1.1851,unknown,
Yakut,spark,kɯːm,k ɯː m,northeuralex,-1.2328,-1.2328,False,False,False,3,3,-1.1851,unknown,
Yakut,fire,u͡ot,uo t,northeuralex,-1.2245,-1.2245,False,False,False,2,2,-1.1851,unknown,
Yakut,light,u͡ot,uo t,northeuralex,-1.2245,-1.2245,False,False,False,2,2,-1.1851,unknown,
Yakut,shadow,kylyk,k y l y k,northeuralex,-1.1911,-1.1911,False,False,False,5,5,-1.1851,unknown,
Yakut,rain,samɯːɾ,s a m ɯː ɾ,northeuralex,-1.197,-1.197,False,False,False,5,5,-1.1851,unknown,
Yakut,ice,muːs,m uː s,northeuralex,-1.3329,-1.3329,False,False,False,3,3,-1.1851,unknown,
Yakut,current,syːɾyk,s yː ɾ y k,northeuralex,-1.2489,-1.2489,False,False,False,5,5,-1.1851,unknown,
Yakut,drop,tamːax,t a mː a x,northeuralex,-2.0356,-2.0356,False,False,False,5,5,-1.1851,unknown,
Yakut,forest,ojuːɾ,o j uː ɾ,northeuralex,-1.2102,-1.2102,False,False,False,4,4,-1.1851,unknown,
Yakut,cave,køŋys,k ø ŋ y s,northeuralex,-1.2336,-1.2336,False,False,False,5,5,-1.1851,unknown,
Yakut,brook,yɾyje,y ɾ y j e,northeuralex,-1.2158,-1.2158,False,False,False,5,5,-1.1851,unknown,
Yakut,river,øɾys,ø ɾ y s,northeuralex,-1.299,-1.299,False,False,False,4,4,-1.1851,unknown,
Yakut,"cove, bay",xomo,x o m o,northeuralex,-1.3356,-1.3356,False,False,False,4,4,-1.1851,unknown,
Yakut,grass,ot,o t,northeuralex,-1.2624,-1.2624,False,False,False,2,2,-1.1851,unknown,
Yakut,willow,y͡øt,yø t,northeuralex,-1.1976,-1.1976,False,False,False,2,2,-1.1851,unknown,
Yakut,flock,y͡øɾ,yø ɾ,northeuralex,-1.2044,-1.2044,False,False,False,2,2,-1.1851,unknown,
Yakut,cat,ku͡oska,k uo s k a,northeuralex,-1.1873,-1.1873,False,False,False,5,5,-1.1851,unknown,
Yakut,eagle,xotoj,x o t o j,northeuralex,-1.2234,-1.2234,False,False,False,5,5,-1.1851,unknown,
Yakut,pike,soɾdon,s o ɾ d o n,northeuralex,-1.2086,-1.2086,False,False,False,6,6,-1.1851,unknown,
Yakut,butterfly,yɾymecːi,y ɾ y m e cː i,northeuralex,-1.3071,-1.3071,False,False,False,7,7,-1.1851,unknown,
Yakut,grain,si͡eme,s ie m e,northeuralex,-1.222,-1.222,False,False,False,4,4,-1.1851,unknown,
Yakut,hay,ot,o t,northeuralex,-1.2624,-1.2624,False,False,False,2,2,-1.1851,unknown,
Yakut,trap,soxso,s o x s o,northeuralex,-1.3533,-1.3533,False,False,False,5,5,-1.1851,unknown,
Yakut,gold,kømys,k ø m y s,northeuralex,-1.306,-1.306,False,False,False,5,5,-1.1851,unknown,
Yakut,silver,kømys,k ø m y s,northeuralex,-1.306,-1.306,False,False,False,5,5,-1.1851,unknown,
Yakut,silver,yɾyŋ_kømys,y ɾ y ŋ + k ø m y s,northeuralex,-1.289,-1.289,False,False,False,10,9,-1.1851,unknown,
Yakut,coal,cox,c o x,northeuralex,-1.2911,-1.2911,False,False,False,3,3,-1.1851,unknown,
Yakut,daughter,kɯːs,k ɯː s,northeuralex,-1.2517,-1.2517,False,False,False,3,3,-1.1851,unknown,
Yakut,wife,ojox,o j o x,northeuralex,-1.2534,-1.2534,False,False,False,4,4,-1.1851,unknown,
Yakut,sound,tɯ͡as,t ɯa s,northeuralex,-1.2231,-1.2231,False,False,False,3,3,-1.1851,unknown,
Yakut,calm,uː_cuːmpu,uː + c uː m p u,northeuralex,-1.2273,-1.2273,False,False,False,7,6,-1.1851,unknown,
Yakut,game,oːɲːuː,oː ɲː uː,northeuralex,-1.2178,-1.2178,False,False,False,3,3,-1.1851,unknown,
Yakut,help,kømø,k ø m ø,northeuralex,-1.2172,-1.2172,False,False,False,4,4,-1.1851,unknown,
Yakut,circle,tøɡyɾyk,t ø g y ɾ y k,northeuralex,-1.2267,-1.2267,False,False,False,7,7,-1.1851,unknown,
Yakut,circle,tøɡyɾymte,t ø g y ɾ y m t e,northeuralex,-1.2039,-1.2039,False,False,False,9,9,-1.1851,unknown,
Yakut,cross,kiɾi͡es,k i ɾ ie s,northeuralex,-1.1985,-1.1985,False,False,False,5,5,-1.1851,unknown,
Yakut,area,siɾ,s i ɾ,northeuralex,-1.2056,-1.2056,False,False,False,3,3,-1.1851,unknown,
Yakut,place,siɾ,s i ɾ,northeuralex,-1.2056,-1.2056,False,False,False,3,3,-1.1851,unknown,
Yakut,side,øɾyt,ø ɾ y t,northeuralex,-1.233,-1.233,False,False,False,4,4,-1.1851,unknown,
Yakut,middle,oɾto,o ɾ t o,northeuralex,-1.2658,-1.2658,False,False,False,4,4,-1.1851,unknown,
Yakut,pattern,ohu͡oɾ,o h uo ɾ,northeuralex,-1.2408,-1.2408,False,False,False,4,4,-1.1851,unknown,
Yakut,height,yɾdyk,y ɾ d y k,northeuralex,-1.3014,-1.3014,False,False,False,5,5,-1.1851,unknown,
Yakut,heap,cømcøx,c ø m c ø x,northeuralex,-1.2405,-1.2405,False,False,False,6,6,-1.1851,unknown,
Yakut,boat,oŋoco,o ŋ o c o,northeuralex,-1.295,-1.295,False,False,False,5,5,-1.1851,unknown,
Yakut,wood,mas,m a s,northeuralex,-1.2068,-1.2068,False,False,False,3,3,-1.1851,unknown,
Yakut,board,du͡oska,d uo s k a,northeuralex,-1.2081,-1.2081,False,False,False,5,5,-1.1851,unknown,
Yakut,stick,mas,m a s,northeuralex,-1.2068,-1.2068,False,False,False,3,3,-1.1851,unknown,
Yakut,house,ɟi͡e,ɟ ie,northeuralex,-1.2651,-1.2651,False,False,False,2,2,-1.1851,unknown,
Yakut,home,ɟi͡e,ɟ ie,northeuralex,-1.2651,-1.2651,False,False,False,2,2,-1.1851,unknown,
Yakut,stove,ohox,o h o x,northeuralex,-1.2778,-1.2778,False,False,False,4,4,-1.1851,unknown,
Yakut,floor,mu͡osta,m uo s t a,northeuralex,-1.2139,-1.2139,False,False,False,5,5,-1.1851,unknown,
Yakut,window,tynːyk,t y nː y k,northeuralex,-1.286,-1.286,False,False,False,5,5,-1.1851,unknown,
Yakut,spade,kyɾɟex,k y ɾ ɟ e x,northeuralex,-1.2032,-1.2032,False,False,False,6,6,-1.1851,unknown,
Yakut,shovel,kyɾɟex,k y ɾ ɟ e x,northeuralex,-1.2032,-1.2032,False,False,False,6,6,-1.1851,unknown,
Yakut,hook,køxø,k ø x ø,northeuralex,-1.1869,-1.1869,False,False,False,4,4,-1.1851,unknown,
Yakut,pouch,møhøːcːuk,m ø h øː cː u k,northeuralex,-1.1855,-1.1855,False,False,False,7,7,-1.1851,unknown,
Yakut,bag,suːmka,s uː m k a,northeuralex,-1.2164,-1.2164,False,False,False,5,5,-1.1851,unknown,
Yakut,fat,sɯ͡a,s ɯa,northeuralex,-1.2829,-1.2829,False,False,False,2,2,-1.1851,unknown,
Yakut,salt,tuːs,t uː s,northeuralex,-1.2639,-1.2639,False,False,False,3,3,-1.1851,unknown,
Yakut,honey,my͡øt,m yø t,northeuralex,-1.2352,-1.2352,False,False,False,3,3,-1.1851,unknown,
Yakut,knot,tymyk,t y m y k,northeuralex,-1.312,-1.312,False,False,False,5,5,-1.1851,unknown,
Yakut,sleeve,si͡ex,s ie x,northeuralex,-1.264,-1.264,False,False,False,3,3,-1.1851,unknown,
Yakut,pillow,sɯtːɯk,s ɯ tː ɯ k,northeuralex,-1.1965,-1.1965,False,False,False,5,5,-1.1851,unknown,
Yakut,towel,sotːoɾ,s o tː o ɾ,northeuralex,-1.326,-1.326,False,False,False,5,5,-1.1851,unknown,
Yakut,strength,kyːs,k yː s,northeuralex,-1.2082,-1.2082,False,False,False,3,3,-1.1851,unknown,
Yakut,illness,ɯ͡aɾɯː,ɯa ɾ ɯː,northeuralex,-1.1877,-1.1877,False,False,False,3,3,-1.1851,unknown,
Yakut,pain,ɯ͡aɾɯː,ɯa ɾ ɯː,northeuralex,-1.1877,-1.1877,False,False,False,3,3,-1.1851,unknown,
Yakut,master,uːs,uː s,northeuralex,-1.3441,-1.3441,False,False,False,2,2,-1.1851,unknown,
Yakut,fight,oxsuhuː,o x s u h uː,northeuralex,-1.2256,-1.2256,False,False,False,6,6,-1.1851,unknown,
Yakut,bow,ox,o x,northeuralex,-1.3053,-1.3053,False,False,False,2,2,-1.1851,unknown,
Yakut,arrow,ox,o x,northeuralex,-1.3053,-1.3053,False,False,False,2,2,-1.1851,unknown,
Yakut,age,saːs,s aː s,northeuralex,-1.2284,-1.2284,False,False,False,3,3,-1.1851,unknown,
Yakut,noon,kyn_oɾtoto,k y n + o ɾ t o t o,northeuralex,-1.2124,-1.2124,False,False,False,10,9,-1.1851,unknown,
Yakut,spring,saːs,s aː s,northeuralex,-1.2284,-1.2284,False,False,False,3,3,-1.1851,unknown,
Yakut,dense,xojuː,x o j uː,northeuralex,-1.2283,-1.2283,False,False,False,4,4,-1.1851,unknown,
Yakut,thick,xojuː,x o j uː,northeuralex,-1.2283,-1.2283,False,False,False,4,4,-1.1851,unknown,
Yakut,round,tøɡyɾyk,t ø g y ɾ y k,northeuralex,-1.2267,-1.2267,False,False,False,7,7,-1.1851,unknown,
Yakut,pointed,sɯtɯː,s ɯ t ɯː,northeuralex,-1.201,-1.201,False,False,False,4,4,-1.1851,unknown,
Yakut,sharp,sɯtɯː,s ɯ t ɯː,northeuralex,-1.201,-1.201,False,False,False,4,4,-1.1851,unknown,
Yakut,empty,icːitex,i cː i t e x,northeuralex,-1.1903,-1.1903,False,False,False,6,6,-1.1851,unknown,
Yakut,ripe,sipːit-xopːut,s i pː i t x o pː u t,northeuralex,-1.1931,-1.1931,False,False,False,10,10,-1.1851,unknown,
Yakut,delicious,miɲːiɡes,m i ɲː i g e s,northeuralex,-1.1872,-1.1872,False,False,False,7,7,-1.1851,unknown,
Yakut,sweet,miɲːiɡes,m i ɲː i g e s,northeuralex,-1.1872,-1.1872,False,False,False,7,7,-1.1851,unknown,
Yakut,white,yɾyŋ,y ɾ y ŋ,northeuralex,-1.2677,-1.2677,False,False,False,4,4,-1.1851,unknown,
Yakut,blue,ky͡øx,k yø x,northeuralex,-1.2072,-1.2072,False,False,False,3,3,-1.1851,unknown,
Yakut,green,ky͡øx,k yø x,northeuralex,-1.2072,-1.2072,False,False,False,3,3,-1.1851,unknown,
Yakut,fat,emis,e m i s,northeuralex,-1.1963,-1.1963,False,False,False,4,4,-1.1851,unknown,
Yakut,hungry,acːɯk,a cː ɯ k,northeuralex,-1.1946,-1.1946,False,False,False,4,4,-1.1851,unknown,
Yakut,good,yty͡ø,y t yø,northeuralex,-1.2993,-1.2993,False,False,False,3,3,-1.1851,unknown,
Yakut,good,ycyɡej,y c y g e j,northeuralex,-1.2061,-1.2061,False,False,False,6,6,-1.1851,unknown,
Yakut,correct,søp,s ø p,northeuralex,-1.2498,-1.2498,False,False,False,3,3,-1.1851,unknown,
Yakut,third,yhys,y h y s,northeuralex,-1.363,-1.363,False,False,False,4,4,-1.1851,unknown,
Yakut,there,onːo,o nː o,northeuralex,-1.3412,-1.3412,False,False,False,3,3,-1.1851,unknown,
Yakut,thither,onːo,o nː o,northeuralex,-1.3412,-1.3412,False,False,False,3,3,-1.1851,unknown,
Yakut,back,tøtːøɾy,t ø tː ø ɾ y,northeuralex,-1.2407,-1.2407,False,False,False,6,6,-1.1851,unknown,
Yakut,so,ocːo,o cː o,northeuralex,-1.484,-1.484,False,False,False,3,3,-1.1851,unknown,
Yakut,only,sɯcːax,s ɯ cː a x,northeuralex,-1.2389,-1.2389,False,False,False,5,5,-1.1851,unknown,
Yakut,three,ys,y s,northeuralex,-1.435,-1.435,False,False,False,2,2,-1.1851,unknown,
Yakut,lie,sɯt,s ɯ t,northeuralex,-1.1856,-1.1856,False,False,False,3,3,-1.1851,unknown,
Yakut,rise,oj,o j,northeuralex,-1.2015,-1.2015,False,False,False,2,2,-1.1851,unknown,
Yakut,blow,yɾ,y ɾ,northeuralex,-1.3099,-1.3099,False,False,False,2,2,-1.1851,unknown,
Yakut,flow,syːɾ,s yː ɾ,northeuralex,-1.2004,-1.2004,False,False,False,3,3,-1.1851,unknown,
Yakut,dry,kuːɾ,k uː ɾ,northeuralex,-1.1928,-1.1928,False,False,False,3,3,-1.1851,unknown,
Yakut,disappear,syt,s y t,northeuralex,-1.3245,-1.3245,False,False,False,3,3,-1.1851,unknown,
Yakut,rise,yɾdeː,y ɾ d eː,northeuralex,-1.2154,-1.2154,False,False,False,4,4,-1.1851,unknown,
Yakut,"sparkle, twinkle",kylymyɾdeː,k y l y m y ɾ d eː,northeuralex,-1.2208,-1.2208,False,False,False,9,9,-1.1851,unknown,
Yakut,chime,sobu͡onːaː,s o b uo nː aː,northeuralex,-1.1983,-1.1983,False,False,False,6,6,-1.1851,unknown,
Yakut,blow,yɾ,y ɾ,northeuralex,-1.3099,-1.3099,False,False,False,2,2,-1.1851,unknown,
Yakut,drink,is,i s,northeuralex,-1.2499,-1.2499,False,False,False,2,2,-1.1851,unknown,
Yakut,jump,oj,o j,northeuralex,-1.2015,-1.2015,False,False,False,2,2,-1.1851,unknown,
Yakut,wait,køhyt,k ø h y t,northeuralex,-1.207,-1.207,False,False,False,5,5,-1.1851,unknown,
Yakut,await,køhyt,k ø h y t,northeuralex,-1.207,-1.207,False,False,False,5,5,-1.1851,unknown,
Yakut,flee,kyɾeː,k y ɾ eː,northeuralex,-1.1895,-1.1895,False,False,False,4,4,-1.1851,unknown,
Yakut,escape,kyɾeː,k y ɾ eː,northeuralex,-1.1895,-1.1895,False,False,False,4,4,-1.1851,unknown,
Yakut,put,uːɾ,uː ɾ,northeuralex,-1.219,-1.219,False,False,False,2,2,-1.1851,unknown,
Yakut,place,uːɾ,uː ɾ,northeuralex,-1.219,-1.219,False,False,False,2,2,-1.1851,unknown,
Yakut,lay,uːɾ,uː ɾ,northeuralex,-1.219,-1.219,False,False,False,2,2,-1.1851,unknown,
Yakut,cover,byɾyj,b y ɾ y j,northeuralex,-1.2056,-1.2056,False,False,False,5,5,-1.1851,unknown,
Yakut,lose,syteɾ,s y t e ɾ,northeuralex,-1.2131,-1.2131,False,False,False,5,5,-1.1851,unknown,
Yakut,make,oŋoɾ,o ŋ o ɾ,northeuralex,-1.227,-1.227,False,False,False,4,4,-1.1851,unknown,
Yakut,produce,oŋoɾ,o ŋ o ɾ,northeuralex,-1.227,-1.227,False,False,False,4,4,-1.1851,unknown,
Yakut,bend,i͡ex,ie x,northeuralex,-1.2123,-1.2123,False,False,False,2,2,-1.1851,unknown,
Yakut,drag,sos,s o s,northeuralex,-1.3853,-1.3853,False,False,False,3,3,-1.1851,unknown,
Yakut,keep,uːɾ,uː ɾ,northeuralex,-1.219,-1.219,False,False,False,2,2,-1.1851,unknown,
Yakut,divide,ylːeɾ,y lː e ɾ,northeuralex,-1.2323,-1.2323,False,False,False,4,4,-1.1851,unknown,
Yakut,break,yltyɾyt,y l t y ɾ y t,northeuralex,-1.2144,-1.2144,False,False,False,7,7,-1.1851,unknown,
Yakut,burn,u͡otːaː,uo tː aː,northeuralex,-1.1997,-1.1997,False,False,False,3,3,-1.1851,unknown,
Yakut,cover,byɾyj,b y ɾ y j,northeuralex,-1.2056,-1.2056,False,False,False,5,5,-1.1851,unknown,
Yakut,unite,tym,t y m,northeuralex,-1.3055,-1.3055,False,False,False,3,3,-1.1851,unknown,
Yakut,meet,køɾys,k ø ɾ y s,northeuralex,-1.2673,-1.2673,False,False,False,5,5,-1.1851,unknown,
Yakut,assemble,myhyn,m y h y n,northeuralex,-1.2151,-1.2151,False,False,False,5,5,-1.1851,unknown,
Yakut,assemble,tymys,t y m y s,northeuralex,-1.3573,-1.3573,False,False,False,5,5,-1.1851,unknown,
Yakut,rescue,øɾyhyj,ø ɾ y h y j,northeuralex,-1.2321,-1.2321,False,False,False,6,6,-1.1851,unknown,
Yakut,protect,kømyskeː,k ø m y s k eː,northeuralex,-1.2383,-1.2383,False,False,False,7,7,-1.1851,unknown,
Yakut,defend,kømyskeː,k ø m y s k eː,northeuralex,-1.2383,-1.2383,False,False,False,7,7,-1.1851,unknown,
Yakut,brawl,oxsus,o x s u s,northeuralex,-1.2642,-1.2642,False,False,False,5,5,-1.1851,unknown,
Yakut,win,xot,x o t,northeuralex,-1.238,-1.238,False,False,False,3,3,-1.1851,unknown,
Yakut,shove,ytyɾyj,y t y ɾ y j,northeuralex,-1.285,-1.285,False,False,False,6,6,-1.1851,unknown,
Yakut,steal,u͡oɾ,uo ɾ,northeuralex,-1.2314,-1.2314,False,False,False,2,2,-1.1851,unknown,
Yakut,gather,mus,m u s,northeuralex,-1.2179,-1.2179,False,False,False,3,3,-1.1851,unknown,
Yakut,milk,ɯ͡a,ɯa,northeuralex,-1.1985,-1.1985,False,False,False,1,1,-1.1851,unknown,
Yakut,fry,soɾku͡ojdaː,s o ɾ k uo j d aː,northeuralex,-1.196,-1.196,False,False,False,8,8,-1.1851,unknown,
Yakut,wash,suːj,s uː j,northeuralex,-1.2233,-1.2233,False,False,False,3,3,-1.1851,unknown,
Yakut,wipe,sot,s o t,northeuralex,-1.2974,-1.2974,False,False,False,3,3,-1.1851,unknown,
Yakut,decorate,simeː,s i m eː,northeuralex,-1.202,-1.202,False,False,False,4,4,-1.1851,unknown,
Yakut,say,di͡e,d ie,northeuralex,-1.2397,-1.2397,False,False,False,2,2,-1.1851,unknown,
Yakut,request,køɾdøs,k ø ɾ d ø s,northeuralex,-1.2145,-1.2145,False,False,False,6,6,-1.1851,unknown,
