concept,lang_a,lang_b,ls_cogid_a,ls_cogid_b,sv_cogid_a,sv_cogid_b,verdict
I,Azerbaijani,Chuvash,1.0,2.0,307,307,DISAGREE_SV_ONLY
I,Azerbaijani,Kazakh,1.0,1.0,307,307,AGREE_COGNATE
I,Azerbaijani,Kyrgyz,1.0,4.0,307,308,AGREE_NON
I,Azerbaijani,Turkish,1.0,1.0,307,307,AGREE_COGNATE
I,Azerbaijani,Turkmen,1.0,1.0,307,307,AGREE_COGNATE
I,Azerbaijani,Uyghur,1.0,4.0,307,308,AGREE_NON
I,Azerbaijani,Uzbek,1.0,1.0,307,307,AGREE_COGNATE
I,Azerbaijani,Yakut,1.0,9.0,307,307,DISAGREE_SV_ONLY
I,Chuvash,Kazakh,2.0,1.0,307,307,DISAGREE_SV_ONLY
I,Chuvash,Kyrgyz,2.0,4.0,307,308,AGREE_NON
I,Chuvash,Turkish,2.0,1.0,307,307,DISAGREE_SV_ONLY
I,Chuvash,Turkmen,2.0,1.0,307,307,DISAGREE_SV_ONLY
I,Chuvash,Uyghur,2.0,4.0,307,308,AGREE_NON
I,Chuvash,Uzbek,2.0,1.0,307,307,DISAGREE_SV_ONLY
I,Chuvash,Yakut,2.0,9.0,307,307,DISAGREE_SV_ONLY
I,Kazakh,Kyrgyz,1.0,4.0,307,308,AGREE_NON
I,Kazakh,Turkish,1.0,1.0,307,307,AGREE_COGNATE
I,Kazakh,Turkmen,1.0,1.0,307,307,AGREE_COGNATE
I,Kazakh,Uyghur,1.0,4.0,307,308,AGREE_NON
I,Kazakh,Uzbek,1.0,1.0,307,307,AGREE_COGNATE
I,Kazakh,Yakut,1.0,9.0,307,307,DISAGREE_SV_ONLY
I,Kyrgyz,Turkish,4.0,1.0,308,307,AGREE_NON
I,Kyrgyz,Turkmen,4.0,1.0,308,307,AGREE_NON
I,Kyrgyz,Uyghur,4.0,4.0,308,308,AGREE_COGNATE
I,Kyrgyz,Uzbek,4.0,1.0,308,307,AGREE_NON
I,Kyrgyz,Yakut,4.0,9.0,308,307,AGREE_NON
I,Turkish,Turkmen,1.0,1.0,307,307,AGREE_COGNATE
I,Turkish,Uyghur,1.0,4.0,307,308,AGREE_NON
I,Turkish,Uzbek,1.0,1.0,307,307,AGREE_COGNATE
I,Turkish,Yakut,1.0,9.0,307,307,DISAGREE_SV_ONLY
I,Turkmen,Uyghur,1.0,4.0,307,308,AGREE_NON
I,Turkmen,Uzbek,1.0,1.0,307,307,AGREE_COGNATE
I,Turkmen,Yakut,1.0,9.0,307,307,DISAGREE_SV_ONLY
I,Uyghur,Uzbek,4.0,1.0,308,307,AGREE_NON
I,Uyghur,Yakut,4.0,9.0,308,307,AGREE_NON
I,Uzbek,Yakut,1.0,9.0,307,307,DISAGREE_SV_ONLY
all,Azerbaijani,Chuvash,10.0,11.0,665,665,DISAGREE_SV_ONLY
all,Azerbaijani,Kazakh,10.0,12.0,665,663,AGREE_NON
all,Azerbaijani,Kyrgyz,10.0,13.0,665,663,AGREE_NON
all,Azerbaijani,Turkish,10.0,10.0,665,665,AGREE_COGNATE
all,Azerbaijani,Turkmen,10.0,15.0,665,663,AGREE_NON
all,Azerbaijani,Uyghur,10.0,16.0,665,666,AGREE_NON
all,Azerbaijani,Uzbek,10.0,17.0,665,527,AGREE_NON
all,Azerbaijani,Yakut,10.0,10.0,665,664,DISAGREE_LS_ONLY
all,Chuvash,Kazakh,11.0,12.0,665,663,AGREE_NON
all,Chuvash,Kyrgyz,11.0,13.0,665,663,AGREE_NON
all,Chuvash,Turkish,11.0,10.0,665,665,DISAGREE_SV_ONLY
all,Chuvash,Turkmen,11.0,15.0,665,663,AGREE_NON
all,Chuvash,Uyghur,11.0,16.0,665,666,AGREE_NON
all,Chuvash,Uzbek,11.0,17.0,665,527,AGREE_NON
all,Chuvash,Yakut,11.0,10.0,665,664,AGREE_NON
all,Kazakh,Kyrgyz,12.0,13.0,663,663,DISAGREE_SV_ONLY
all,Kazakh,Turkish,12.0,10.0,663,665,AGREE_NON
all,Kazakh,Turkmen,12.0,15.0,663,663,DISAGREE_SV_ONLY
all,Kazakh,Uyghur,12.0,16.0,663,666,AGREE_NON
all,Kazakh,Uzbek,12.0,17.0,663,527,AGREE_NON
all,Kazakh,Yakut,12.0,10.0,663,664,AGREE_NON
all,Kyrgyz,Turkish,13.0,10.0,663,665,AGREE_NON
all,Kyrgyz,Turkmen,13.0,15.0,663,663,DISAGREE_SV_ONLY
all,Kyrgyz,Uyghur,13.0,16.0,663,666,AGREE_NON
all,Kyrgyz,Uzbek,13.0,17.0,663,527,AGREE_NON
all,Kyrgyz,Yakut,13.0,10.0,663,664,AGREE_NON
all,Turkish,Turkmen,10.0,15.0,665,663,AGREE_NON
all,Turkish,Uyghur,10.0,16.0,665,666,AGREE_NON
all,Turkish,Uzbek,10.0,17.0,665,527,AGREE_NON
all,Turkish,Yakut,10.0,10.0,665,664,DISAGREE_LS_ONLY
all,Turkmen,Uyghur,15.0,16.0,663,666,AGREE_NON
all,Turkmen,Uzbek,15.0,17.0,663,527,AGREE_NON
all,Turkmen,Yakut,15.0,10.0,663,664,AGREE_NON
all,Uyghur,Uzbek,16.0,17.0,666,527,AGREE_NON
all,Uyghur,Yakut,16.0,10.0,666,664,AGREE_NON
all,Uzbek,Yakut,17.0,10.0,527,664,AGREE_NON
bark,Azerbaijani,Chuvash,18.0,18.0,675,675,AGREE_COGNATE
bark,Azerbaijani,Kazakh,18.0,18.0,675,675,AGREE_COGNATE
bark,Azerbaijani,Kyrgyz,18.0,18.0,675,675,AGREE_COGNATE
bark,Azerbaijani,Turkish,18.0,18.0,675,675,AGREE_COGNATE
bark,Azerbaijani,Turkmen,18.0,18.0,675,675,AGREE_COGNATE
bark,Azerbaijani,Uyghur,18.0,24.0,675,675,DISAGREE_SV_ONLY
bark,Azerbaijani,Yakut,18.0,26.0,675,677,AGREE_NON
bark,Chuvash,Kazakh,18.0,18.0,675,675,AGREE_COGNATE
bark,Chuvash,Kyrgyz,18.0,18.0,675,675,AGREE_COGNATE
bark,Chuvash,Turkish,18.0,18.0,675,675,AGREE_COGNATE
bark,Chuvash,Turkmen,18.0,18.0,675,675,AGREE_COGNATE
bark,Chuvash,Uyghur,18.0,24.0,675,675,DISAGREE_SV_ONLY
bark,Chuvash,Yakut,18.0,26.0,675,677,AGREE_NON
bark,Kazakh,Kyrgyz,18.0,18.0,675,675,AGREE_COGNATE
bark,Kazakh,Turkish,18.0,18.0,675,675,AGREE_COGNATE
bark,Kazakh,Turkmen,18.0,18.0,675,675,AGREE_COGNATE
bark,Kazakh,Uyghur,18.0,24.0,675,675,DISAGREE_SV_ONLY
bark,Kazakh,Yakut,18.0,26.0,675,677,AGREE_NON
bark,Kyrgyz,Turkish,18.0,18.0,675,675,AGREE_COGNATE
bark,Kyrgyz,Turkmen,18.0,18.0,675,675,AGREE_COGNATE
bark,Kyrgyz,Uyghur,18.0,24.0,675,675,DISAGREE_SV_ONLY
bark,Kyrgyz,Yakut,18.0,26.0,675,677,AGREE_NON
bark,Turkish,Turkmen,18.0,18.0,675,675,AGREE_COGNATE
bark,Turkish,Uyghur,18.0,24.0,675,675,DISAGREE_SV_ONLY
bark,Turkish,Yakut,18.0,26.0,675,677,AGREE_NON
bark,Turkmen,Uyghur,18.0,24.0,675,675,DISAGREE_SV_ONLY
bark,Turkmen,Yakut,18.0,26.0,675,677,AGREE_NON
bark,Uyghur,Yakut,24.0,26.0,675,677,AGREE_NON
big,Azerbaijani,Chuvash,27.0,28.0,78,79,AGREE_NON
big,Azerbaijani,Kazakh,27.0,29.0,78,76,AGREE_NON
big,Azerbaijani,Turkish,27.0,30.0,78,78,DISAGREE_SV_ONLY
big,Azerbaijani,Turkmen,27.0,31.0,78,77,AGREE_NON
big,Azerbaijani,Yakut,27.0,33.0,78,77,AGREE_NON
big,Chuvash,Kazakh,28.0,29.0,79,76,AGREE_NON
big,Chuvash,Turkish,28.0,30.0,79,78,AGREE_NON
big,Chuvash,Turkmen,28.0,31.0,79,77,AGREE_NON
big,Chuvash,Yakut,28.0,33.0,79,77,AGREE_NON
big,Kazakh,Turkish,29.0,30.0,76,78,AGREE_NON
big,Kazakh,Turkmen,29.0,31.0,76,77,AGREE_NON
big,Kazakh,Yakut,29.0,33.0,76,77,AGREE_NON
big,Turkish,Turkmen,30.0,31.0,78,77,AGREE_NON
big,Turkish,Yakut,30.0,33.0,78,77,AGREE_NON
big,Turkmen,Yakut,31.0,33.0,77,77,DISAGREE_SV_ONLY
bird,Azerbaijani,Chuvash,34.0,35.0,275,278,AGREE_NON
bird,Azerbaijani,Kazakh,34.0,34.0,275,275,AGREE_COGNATE
bird,Azerbaijani,Kyrgyz,34.0,37.0,275,277,AGREE_NON
bird,Azerbaijani,Turkish,34.0,34.0,275,275,AGREE_COGNATE
bird,Azerbaijani,Turkmen,34.0,34.0,275,275,AGREE_COGNATE
bird,Azerbaijani,Uyghur,34.0,34.0,275,275,AGREE_COGNATE
bird,Azerbaijani,Uzbek,34.0,34.0,275,275,AGREE_COGNATE
bird,Azerbaijani,Yakut,34.0,42.0,275,276,AGREE_NON
bird,Chuvash,Kazakh,35.0,34.0,278,275,AGREE_NON
bird,Chuvash,Kyrgyz,35.0,37.0,278,277,AGREE_NON
bird,Chuvash,Turkish,35.0,34.0,278,275,AGREE_NON
bird,Chuvash,Turkmen,35.0,34.0,278,275,AGREE_NON
bird,Chuvash,Uyghur,35.0,34.0,278,275,AGREE_NON
bird,Chuvash,Uzbek,35.0,34.0,278,275,AGREE_NON
bird,Chuvash,Yakut,35.0,42.0,278,276,AGREE_NON
bird,Kazakh,Kyrgyz,34.0,37.0,275,277,AGREE_NON
bird,Kazakh,Turkish,34.0,34.0,275,275,AGREE_COGNATE
bird,Kazakh,Turkmen,34.0,34.0,275,275,AGREE_COGNATE
bird,Kazakh,Uyghur,34.0,34.0,275,275,AGREE_COGNATE
bird,Kazakh,Uzbek,34.0,34.0,275,275,AGREE_COGNATE
bird,Kazakh,Yakut,34.0,42.0,275,276,AGREE_NON
bird,Kyrgyz,Turkish,37.0,34.0,277,275,AGREE_NON
bird,Kyrgyz,Turkmen,37.0,34.0,277,275,AGREE_NON
bird,Kyrgyz,Uyghur,37.0,34.0,277,275,AGREE_NON
bird,Kyrgyz,Uzbek,37.0,34.0,277,275,AGREE_NON
bird,Kyrgyz,Yakut,37.0,42.0,277,276,AGREE_NON
bird,Turkish,Turkmen,34.0,34.0,275,275,AGREE_COGNATE
bird,Turkish,Uyghur,34.0,34.0,275,275,AGREE_COGNATE
bird,Turkish,Uzbek,34.0,34.0,275,275,AGREE_COGNATE
bird,Turkish,Yakut,34.0,42.0,275,276,AGREE_NON
bird,Turkmen,Uyghur,34.0,34.0,275,275,AGREE_COGNATE
bird,Turkmen,Uzbek,34.0,34.0,275,275,AGREE_COGNATE
bird,Turkmen,Yakut,34.0,42.0,275,276,AGREE_NON
bird,Uyghur,Uzbek,34.0,34.0,275,275,AGREE_COGNATE
bird,Uyghur,Yakut,34.0,42.0,275,276,AGREE_NON
bird,Uzbek,Yakut,34.0,42.0,275,276,AGREE_NON
blood,Azerbaijani,Chuvash,43.0,44.0,13,13,DISAGREE_SV_ONLY
blood,Azerbaijani,Kazakh,43.0,43.0,13,13,AGREE_COGNATE
blood,Azerbaijani,Kyrgyz,43.0,43.0,13,13,AGREE_COGNATE
blood,Azerbaijani,Turkish,43.0,43.0,13,13,AGREE_COGNATE
blood,Azerbaijani,Turkmen,43.0,43.0,13,13,AGREE_COGNATE
blood,Azerbaijani,Uyghur,43.0,43.0,13,13,AGREE_COGNATE
blood,Azerbaijani,Uzbek,43.0,43.0,13,13,AGREE_COGNATE
blood,Azerbaijani,Yakut,43.0,43.0,13,13,AGREE_COGNATE
blood,Chuvash,Kazakh,44.0,43.0,13,13,DISAGREE_SV_ONLY
blood,Chuvash,Kyrgyz,44.0,43.0,13,13,DISAGREE_SV_ONLY
blood,Chuvash,Turkish,44.0,43.0,13,13,DISAGREE_SV_ONLY
blood,Chuvash,Turkmen,44.0,43.0,13,13,DISAGREE_SV_ONLY
blood,Chuvash,Uyghur,44.0,43.0,13,13,DISAGREE_SV_ONLY
blood,Chuvash,Uzbek,44.0,43.0,13,13,DISAGREE_SV_ONLY
blood,Chuvash,Yakut,44.0,43.0,13,13,DISAGREE_SV_ONLY
blood,Kazakh,Kyrgyz,43.0,43.0,13,13,AGREE_COGNATE
blood,Kazakh,Turkish,43.0,43.0,13,13,AGREE_COGNATE
blood,Kazakh,Turkmen,43.0,43.0,13,13,AGREE_COGNATE
blood,Kazakh,Uyghur,43.0,43.0,13,13,AGREE_COGNATE
blood,Kazakh,Uzbek,43.0,43.0,13,13,AGREE_COGNATE
blood,Kazakh,Yakut,43.0,43.0,13,13,AGREE_COGNATE
blood,Kyrgyz,Turkish,43.0,43.0,13,13,AGREE_COGNATE
blood,Kyrgyz,Turkmen,43.0,43.0,13,13,AGREE_COGNATE
blood,Kyrgyz,Uyghur,43.0,43.0,13,13,AGREE_COGNATE
blood,Kyrgyz,Uzbek,43.0,43.0,13,13,AGREE_COGNATE
blood,Kyrgyz,Yakut,43.0,43.0,13,13,AGREE_COGNATE
blood,Turkish,Turkmen,43.0,43.0,13,13,AGREE_COGNATE
blood,Turkish,Uyghur,43.0,43.0,13,13,AGREE_COGNATE
blood,Turkish,Uzbek,43.0,43.0,13,13,AGREE_COGNATE
blood,Turkish,Yakut,43.0,43.0,13,13,AGREE_COGNATE
blood,Turkmen,Uyghur,43.0,43.0,13,13,AGREE_COGNATE
blood,Turkmen,Uzbek,43.0,43.0,13,13,AGREE_COGNATE
blood,Turkmen,Yakut,43.0,43.0,13,13,AGREE_COGNATE
blood,Uyghur,Uzbek,43.0,43.0,13,13,AGREE_COGNATE
blood,Uyghur,Yakut,43.0,43.0,13,13,AGREE_COGNATE
blood,Uzbek,Yakut,43.0,43.0,13,13,AGREE_COGNATE
bone,Azerbaijani,Chuvash,45.0,45.0,14,14,AGREE_COGNATE
bone,Azerbaijani,Kazakh,45.0,47.0,14,14,DISAGREE_SV_ONLY
bone,Azerbaijani,Kyrgyz,45.0,48.0,14,14,DISAGREE_SV_ONLY
bone,Azerbaijani,Turkish,45.0,49.0,14,15,AGREE_NON
bone,Azerbaijani,Turkmen,45.0,50.0,14,14,DISAGREE_SV_ONLY
bone,Azerbaijani,Uyghur,45.0,48.0,14,14,DISAGREE_SV_ONLY
bone,Azerbaijani,Uzbek,45.0,52.0,14,14,DISAGREE_SV_ONLY
bone,Azerbaijani,Yakut,45.0,53.0,14,14,DISAGREE_SV_ONLY
bone,Chuvash,Kazakh,45.0,47.0,14,14,DISAGREE_SV_ONLY
bone,Chuvash,Kyrgyz,45.0,48.0,14,14,DISAGREE_SV_ONLY
bone,Chuvash,Turkish,45.0,49.0,14,15,AGREE_NON
bone,Chuvash,Turkmen,45.0,50.0,14,14,DISAGREE_SV_ONLY
bone,Chuvash,Uyghur,45.0,48.0,14,14,DISAGREE_SV_ONLY
bone,Chuvash,Uzbek,45.0,52.0,14,14,DISAGREE_SV_ONLY
bone,Chuvash,Yakut,45.0,53.0,14,14,DISAGREE_SV_ONLY
bone,Kazakh,Kyrgyz,47.0,48.0,14,14,DISAGREE_SV_ONLY
bone,Kazakh,Turkish,47.0,49.0,14,15,AGREE_NON
bone,Kazakh,Turkmen,47.0,50.0,14,14,DISAGREE_SV_ONLY
bone,Kazakh,Uyghur,47.0,48.0,14,14,DISAGREE_SV_ONLY
bone,Kazakh,Uzbek,47.0,52.0,14,14,DISAGREE_SV_ONLY
bone,Kazakh,Yakut,47.0,53.0,14,14,DISAGREE_SV_ONLY
bone,Kyrgyz,Turkish,48.0,49.0,14,15,AGREE_NON
bone,Kyrgyz,Turkmen,48.0,50.0,14,14,DISAGREE_SV_ONLY
bone,Kyrgyz,Uyghur,48.0,48.0,14,14,AGREE_COGNATE
bone,Kyrgyz,Uzbek,48.0,52.0,14,14,DISAGREE_SV_ONLY
bone,Kyrgyz,Yakut,48.0,53.0,14,14,DISAGREE_SV_ONLY
bone,Turkish,Turkmen,49.0,50.0,15,14,AGREE_NON
bone,Turkish,Uyghur,49.0,48.0,15,14,AGREE_NON
bone,Turkish,Uzbek,49.0,52.0,15,14,AGREE_NON
bone,Turkish,Yakut,49.0,53.0,15,14,AGREE_NON
bone,Turkmen,Uyghur,50.0,48.0,14,14,DISAGREE_SV_ONLY
bone,Turkmen,Uzbek,50.0,52.0,14,14,DISAGREE_SV_ONLY
bone,Turkmen,Yakut,50.0,53.0,14,14,DISAGREE_SV_ONLY
bone,Uyghur,Uzbek,48.0,52.0,14,14,DISAGREE_SV_ONLY
bone,Uyghur,Yakut,48.0,53.0,14,14,DISAGREE_SV_ONLY
bone,Uzbek,Yakut,52.0,53.0,14,14,DISAGREE_SV_ONLY
dog,Azerbaijani,Chuvash,54.0,55.0,249,249,DISAGREE_SV_ONLY
dog,Azerbaijani,Kazakh,54.0,54.0,249,249,AGREE_COGNATE
dog,Azerbaijani,Kyrgyz,54.0,54.0,249,249,AGREE_COGNATE
dog,Azerbaijani,Turkish,54.0,58.0,249,251,AGREE_NON
dog,Azerbaijani,Turkmen,54.0,54.0,249,249,AGREE_COGNATE
dog,Azerbaijani,Uyghur,54.0,55.0,249,249,DISAGREE_SV_ONLY
dog,Azerbaijani,Uzbek,54.0,54.0,249,249,AGREE_COGNATE
dog,Azerbaijani,Yakut,54.0,54.0,249,249,AGREE_COGNATE
dog,Chuvash,Kazakh,55.0,54.0,249,249,DISAGREE_SV_ONLY
dog,Chuvash,Kyrgyz,55.0,54.0,249,249,DISAGREE_SV_ONLY
dog,Chuvash,Turkish,55.0,58.0,249,251,AGREE_NON
dog,Chuvash,Turkmen,55.0,54.0,249,249,DISAGREE_SV_ONLY
dog,Chuvash,Uyghur,55.0,55.0,249,249,AGREE_COGNATE
dog,Chuvash,Uzbek,55.0,54.0,249,249,DISAGREE_SV_ONLY
dog,Chuvash,Yakut,55.0,54.0,249,249,DISAGREE_SV_ONLY
dog,Kazakh,Kyrgyz,54.0,54.0,249,249,AGREE_COGNATE
dog,Kazakh,Turkish,54.0,58.0,249,251,AGREE_NON
dog,Kazakh,Turkmen,54.0,54.0,249,249,AGREE_COGNATE
dog,Kazakh,Uyghur,54.0,55.0,249,249,DISAGREE_SV_ONLY
dog,Kazakh,Uzbek,54.0,54.0,249,249,AGREE_COGNATE
dog,Kazakh,Yakut,54.0,54.0,249,249,AGREE_COGNATE
dog,Kyrgyz,Turkish,54.0,58.0,249,251,AGREE_NON
dog,Kyrgyz,Turkmen,54.0,54.0,249,249,AGREE_COGNATE
dog,Kyrgyz,Uyghur,54.0,55.0,249,249,DISAGREE_SV_ONLY
dog,Kyrgyz,Uzbek,54.0,54.0,249,249,AGREE_COGNATE
dog,Kyrgyz,Yakut,54.0,54.0,249,249,AGREE_COGNATE
dog,Turkish,Turkmen,58.0,54.0,251,249,AGREE_NON
dog,Turkish,Uyghur,58.0,55.0,251,249,AGREE_NON
dog,Turkish,Uzbek,58.0,54.0,251,249,AGREE_NON
dog,Turkish,Yakut,58.0,54.0,251,249,AGREE_NON
dog,Turkmen,Uyghur,54.0,55.0,249,249,DISAGREE_SV_ONLY
dog,Turkmen,Uzbek,54.0,54.0,249,249,AGREE_COGNATE
dog,Turkmen,Yakut,54.0,54.0,249,249,AGREE_COGNATE
dog,Uyghur,Uzbek,55.0,54.0,249,249,DISAGREE_SV_ONLY
dog,Uyghur,Yakut,55.0,54.0,249,249,DISAGREE_SV_ONLY
dog,Uzbek,Yakut,54.0,54.0,249,249,AGREE_COGNATE
ear,Azerbaijani,Chuvash,59.0,60.0,360,361,AGREE_NON
ear,Azerbaijani,Kazakh,59.0,59.0,360,360,AGREE_COGNATE
ear,Azerbaijani,Kyrgyz,59.0,59.0,360,360,AGREE_COGNATE
ear,Azerbaijani,Turkish,59.0,59.0,360,360,AGREE_COGNATE
ear,Azerbaijani,Turkmen,59.0,59.0,360,360,AGREE_COGNATE
ear,Azerbaijani,Uyghur,59.0,59.0,360,360,AGREE_COGNATE
ear,Azerbaijani,Uzbek,59.0,59.0,360,360,AGREE_COGNATE
ear,Azerbaijani,Yakut,59.0,67.0,360,360,DISAGREE_SV_ONLY
ear,Chuvash,Kazakh,60.0,59.0,361,360,AGREE_NON
ear,Chuvash,Kyrgyz,60.0,59.0,361,360,AGREE_NON
ear,Chuvash,Turkish,60.0,59.0,361,360,AGREE_NON
ear,Chuvash,Turkmen,60.0,59.0,361,360,AGREE_NON
ear,Chuvash,Uyghur,60.0,59.0,361,360,AGREE_NON
ear,Chuvash,Uzbek,60.0,59.0,361,360,AGREE_NON
ear,Chuvash,Yakut,60.0,67.0,361,360,AGREE_NON
ear,Kazakh,Kyrgyz,59.0,59.0,360,360,AGREE_COGNATE
ear,Kazakh,Turkish,59.0,59.0,360,360,AGREE_COGNATE
ear,Kazakh,Turkmen,59.0,59.0,360,360,AGREE_COGNATE
ear,Kazakh,Uyghur,59.0,59.0,360,360,AGREE_COGNATE
ear,Kazakh,Uzbek,59.0,59.0,360,360,AGREE_COGNATE
ear,Kazakh,Yakut,59.0,67.0,360,360,DISAGREE_SV_ONLY
ear,Kyrgyz,Turkish,59.0,59.0,360,360,AGREE_COGNATE
ear,Kyrgyz,Turkmen,59.0,59.0,360,360,AGREE_COGNATE
ear,Kyrgyz,Uyghur,59.0,59.0,360,360,AGREE_COGNATE
ear,Kyrgyz,Uzbek,59.0,59.0,360,360,AGREE_COGNATE
ear,Kyrgyz,Yakut,59.0,67.0,360,360,DISAGREE_SV_ONLY
ear,Turkish,Turkmen,59.0,59.0,360,360,AGREE_COGNATE
ear,Turkish,Uyghur,59.0,59.0,360,360,AGREE_COGNATE
ear,Turkish,Uzbek,59.0,59.0,360,360,AGREE_COGNATE
ear,Turkish,Yakut,59.0,67.0,360,360,DISAGREE_SV_ONLY
ear,Turkmen,Uyghur,59.0,59.0,360,360,AGREE_COGNATE
ear,Turkmen,Uzbek,59.0,59.0,360,360,AGREE_COGNATE
ear,Turkmen,Yakut,59.0,67.0,360,360,DISAGREE_SV_ONLY
ear,Uyghur,Uzbek,59.0,59.0,360,360,AGREE_COGNATE
ear,Uyghur,Yakut,59.0,67.0,360,360,DISAGREE_SV_ONLY
ear,Uzbek,Yakut,59.0,67.0,360,360,DISAGREE_SV_ONLY
egg,Azerbaijani,Chuvash,68.0,68.0,139,139,AGREE_COGNATE
egg,Azerbaijani,Kazakh,68.0,70.0,139,139,DISAGREE_SV_ONLY
egg,Azerbaijani,Kyrgyz,68.0,70.0,139,139,DISAGREE_SV_ONLY
egg,Azerbaijani,Turkish,68.0,68.0,139,139,AGREE_COGNATE
egg,Azerbaijani,Turkmen,68.0,73.0,139,139,DISAGREE_SV_ONLY
egg,Azerbaijani,Yakut,68.0,75.0,139,139,DISAGREE_SV_ONLY
egg,Chuvash,Kazakh,68.0,70.0,139,139,DISAGREE_SV_ONLY
egg,Chuvash,Kyrgyz,68.0,70.0,139,139,DISAGREE_SV_ONLY
egg,Chuvash,Turkish,68.0,68.0,139,139,AGREE_COGNATE
egg,Chuvash,Turkmen,68.0,73.0,139,139,DISAGREE_SV_ONLY
egg,Chuvash,Yakut,68.0,75.0,139,139,DISAGREE_SV_ONLY
egg,Kazakh,Kyrgyz,70.0,70.0,139,139,AGREE_COGNATE
egg,Kazakh,Turkish,70.0,68.0,139,139,DISAGREE_SV_ONLY
egg,Kazakh,Turkmen,70.0,73.0,139,139,DISAGREE_SV_ONLY
egg,Kazakh,Yakut,70.0,75.0,139,139,DISAGREE_SV_ONLY
egg,Kyrgyz,Turkish,70.0,68.0,139,139,DISAGREE_SV_ONLY
egg,Kyrgyz,Turkmen,70.0,73.0,139,139,DISAGREE_SV_ONLY
egg,Kyrgyz,Yakut,70.0,75.0,139,139,DISAGREE_SV_ONLY
egg,Turkish,Turkmen,68.0,73.0,139,139,DISAGREE_SV_ONLY
egg,Turkish,Yakut,68.0,75.0,139,139,DISAGREE_SV_ONLY
egg,Turkmen,Yakut,73.0,75.0,139,139,DISAGREE_SV_ONLY
eye,Azerbaijani,Chuvash,76.0,77.0,245,245,DISAGREE_SV_ONLY
eye,Azerbaijani,Kazakh,76.0,76.0,245,245,AGREE_COGNATE
eye,Azerbaijani,Kyrgyz,76.0,76.0,245,245,AGREE_COGNATE
eye,Azerbaijani,Turkish,76.0,76.0,245,245,AGREE_COGNATE
eye,Azerbaijani,Turkmen,76.0,76.0,245,245,AGREE_COGNATE
eye,Azerbaijani,Uyghur,76.0,76.0,245,245,AGREE_COGNATE
eye,Azerbaijani,Uzbek,76.0,76.0,245,245,AGREE_COGNATE
eye,Azerbaijani,Yakut,76.0,84.0,245,246,AGREE_NON
eye,Chuvash,Kazakh,77.0,76.0,245,245,DISAGREE_SV_ONLY
eye,Chuvash,Kyrgyz,77.0,76.0,245,245,DISAGREE_SV_ONLY
eye,Chuvash,Turkish,77.0,76.0,245,245,DISAGREE_SV_ONLY
eye,Chuvash,Turkmen,77.0,76.0,245,245,DISAGREE_SV_ONLY
eye,Chuvash,Uyghur,77.0,76.0,245,245,DISAGREE_SV_ONLY
eye,Chuvash,Uzbek,77.0,76.0,245,245,DISAGREE_SV_ONLY
eye,Chuvash,Yakut,77.0,84.0,245,246,AGREE_NON
eye,Kazakh,Kyrgyz,76.0,76.0,245,245,AGREE_COGNATE
eye,Kazakh,Turkish,76.0,76.0,245,245,AGREE_COGNATE
eye,Kazakh,Turkmen,76.0,76.0,245,245,AGREE_COGNATE
eye,Kazakh,Uyghur,76.0,76.0,245,245,AGREE_COGNATE
eye,Kazakh,Uzbek,76.0,76.0,245,245,AGREE_COGNATE
eye,Kazakh,Yakut,76.0,84.0,245,246,AGREE_NON
eye,Kyrgyz,Turkish,76.0,76.0,245,245,AGREE_COGNATE
eye,Kyrgyz,Turkmen,76.0,76.0,245,245,AGREE_COGNATE
eye,Kyrgyz,Uyghur,76.0,76.0,245,245,AGREE_COGNATE
eye,Kyrgyz,Uzbek,76.0,76.0,245,245,AGREE_COGNATE
eye,Kyrgyz,Yakut,76.0,84.0,245,246,AGREE_NON
eye,Turkish,Turkmen,76.0,76.0,245,245,AGREE_COGNATE
eye,Turkish,Uyghur,76.0,76.0,245,245,AGREE_COGNATE
eye,Turkish,Uzbek,76.0,76.0,245,245,AGREE_COGNATE
eye,Turkish,Yakut,76.0,84.0,245,246,AGREE_NON
eye,Turkmen,Uyghur,76.0,76.0,245,245,AGREE_COGNATE
eye,Turkmen,Uzbek,76.0,76.0,245,245,AGREE_COGNATE
eye,Turkmen,Yakut,76.0,84.0,245,246,AGREE_NON
eye,Uyghur,Uzbek,76.0,76.0,245,245,AGREE_COGNATE
eye,Uyghur,Yakut,76.0,84.0,245,246,AGREE_NON
eye,Uzbek,Yakut,76.0,84.0,245,246,AGREE_NON
feather,Azerbaijani,Chuvash,85.0,85.0,456,453,DISAGREE_LS_ONLY
feather,Azerbaijani,Turkish,85.0,85.0,456,453,DISAGREE_LS_ONLY
feather,Azerbaijani,Turkmen,85.0,90.0,456,456,DISAGREE_SV_ONLY
feather,Azerbaijani,Yakut,85.0,93.0,456,453,AGREE_NON
feather,Chuvash,Turkish,85.0,85.0,453,453,AGREE_COGNATE
feather,Chuvash,Turkmen,85.0,90.0,453,456,AGREE_NON
feather,Chuvash,Yakut,85.0,93.0,453,453,DISAGREE_SV_ONLY
feather,Turkish,Turkmen,85.0,90.0,453,456,AGREE_NON
feather,Turkish,Yakut,85.0,93.0,453,453,DISAGREE_SV_ONLY
feather,Turkmen,Yakut,90.0,93.0,456,453,AGREE_NON
fish,Azerbaijani,Chuvash,94.0,95.0,98,98,DISAGREE_SV_ONLY
fish,Azerbaijani,Kazakh,94.0,94.0,98,98,AGREE_COGNATE
fish,Azerbaijani,Kyrgyz,94.0,94.0,98,98,AGREE_COGNATE
fish,Azerbaijani,Turkish,94.0,94.0,98,98,AGREE_COGNATE
fish,Azerbaijani,Turkmen,94.0,94.0,98,98,AGREE_COGNATE
fish,Azerbaijani,Uyghur,94.0,100.0,98,98,DISAGREE_SV_ONLY
fish,Azerbaijani,Uzbek,94.0,94.0,98,98,AGREE_COGNATE
fish,Azerbaijani,Yakut,94.0,102.0,98,98,DISAGREE_SV_ONLY
fish,Chuvash,Kazakh,95.0,94.0,98,98,DISAGREE_SV_ONLY
fish,Chuvash,Kyrgyz,95.0,94.0,98,98,DISAGREE_SV_ONLY
fish,Chuvash,Turkish,95.0,94.0,98,98,DISAGREE_SV_ONLY
fish,Chuvash,Turkmen,95.0,94.0,98,98,DISAGREE_SV_ONLY
fish,Chuvash,Uyghur,95.0,100.0,98,98,DISAGREE_SV_ONLY
fish,Chuvash,Uzbek,95.0,94.0,98,98,DISAGREE_SV_ONLY
fish,Chuvash,Yakut,95.0,102.0,98,98,DISAGREE_SV_ONLY
fish,Kazakh,Kyrgyz,94.0,94.0,98,98,AGREE_COGNATE
fish,Kazakh,Turkish,94.0,94.0,98,98,AGREE_COGNATE
fish,Kazakh,Turkmen,94.0,94.0,98,98,AGREE_COGNATE
fish,Kazakh,Uyghur,94.0,100.0,98,98,DISAGREE_SV_ONLY
fish,Kazakh,Uzbek,94.0,94.0,98,98,AGREE_COGNATE
fish,Kazakh,Yakut,94.0,102.0,98,98,DISAGREE_SV_ONLY
fish,Kyrgyz,Turkish,94.0,94.0,98,98,AGREE_COGNATE
fish,Kyrgyz,Turkmen,94.0,94.0,98,98,AGREE_COGNATE
fish,Kyrgyz,Uyghur,94.0,100.0,98,98,DISAGREE_SV_ONLY
fish,Kyrgyz,Uzbek,94.0,94.0,98,98,AGREE_COGNATE
fish,Kyrgyz,Yakut,94.0,102.0,98,98,DISAGREE_SV_ONLY
fish,Turkish,Turkmen,94.0,94.0,98,98,AGREE_COGNATE
fish,Turkish,Uyghur,94.0,100.0,98,98,DISAGREE_SV_ONLY
fish,Turkish,Uzbek,94.0,94.0,98,98,AGREE_COGNATE
fish,Turkish,Yakut,94.0,102.0,98,98,DISAGREE_SV_ONLY
fish,Turkmen,Uyghur,94.0,100.0,98,98,DISAGREE_SV_ONLY
fish,Turkmen,Uzbek,94.0,94.0,98,98,AGREE_COGNATE
fish,Turkmen,Yakut,94.0,102.0,98,98,DISAGREE_SV_ONLY
fish,Uyghur,Uzbek,100.0,94.0,98,98,DISAGREE_SV_ONLY
fish,Uyghur,Yakut,100.0,102.0,98,98,DISAGREE_SV_ONLY
fish,Uzbek,Yakut,94.0,102.0,98,98,DISAGREE_SV_ONLY
flesh,Azerbaijani,Kazakh,103.0,103.0,37,37,AGREE_COGNATE
flesh,Azerbaijani,Kyrgyz,103.0,103.0,37,37,AGREE_COGNATE
flesh,Azerbaijani,Turkish,103.0,103.0,37,37,AGREE_COGNATE
flesh,Azerbaijani,Turkmen,103.0,103.0,37,37,AGREE_COGNATE
flesh,Azerbaijani,Yakut,103.0,103.0,37,37,AGREE_COGNATE
flesh,Kazakh,Kyrgyz,103.0,103.0,37,37,AGREE_COGNATE
flesh,Kazakh,Turkish,103.0,103.0,37,37,AGREE_COGNATE
flesh,Kazakh,Turkmen,103.0,103.0,37,37,AGREE_COGNATE
flesh,Kazakh,Yakut,103.0,103.0,37,37,AGREE_COGNATE
flesh,Kyrgyz,Turkish,103.0,103.0,37,37,AGREE_COGNATE
flesh,Kyrgyz,Turkmen,103.0,103.0,37,37,AGREE_COGNATE
flesh,Kyrgyz,Yakut,103.0,103.0,37,37,AGREE_COGNATE
flesh,Turkish,Turkmen,103.0,103.0,37,37,AGREE_COGNATE
flesh,Turkish,Yakut,103.0,103.0,37,37,AGREE_COGNATE
flesh,Turkmen,Yakut,103.0,103.0,37,37,AGREE_COGNATE
grease,Azerbaijani,Chuvash,105.0,106.0,697,697,DISAGREE_SV_ONLY
grease,Azerbaijani,Kazakh,105.0,107.0,697,699,AGREE_NON
grease,Azerbaijani,Kyrgyz,105.0,107.0,697,697,DISAGREE_SV_ONLY
grease,Azerbaijani,Turkish,105.0,106.0,697,701,AGREE_NON
grease,Azerbaijani,Turkmen,105.0,110.0,697,697,DISAGREE_SV_ONLY
grease,Azerbaijani,Uyghur,105.0,107.0,697,697,DISAGREE_SV_ONLY
grease,Azerbaijani,Uzbek,105.0,112.0,697,697,DISAGREE_SV_ONLY
grease,Azerbaijani,Yakut,105.0,106.0,697,699,AGREE_NON
grease,Chuvash,Kazakh,106.0,107.0,697,699,AGREE_NON
grease,Chuvash,Kyrgyz,106.0,107.0,697,697,DISAGREE_SV_ONLY
grease,Chuvash,Turkish,106.0,106.0,697,701,DISAGREE_LS_ONLY
grease,Chuvash,Turkmen,106.0,110.0,697,697,DISAGREE_SV_ONLY
grease,Chuvash,Uyghur,106.0,107.0,697,697,DISAGREE_SV_ONLY
grease,Chuvash,Uzbek,106.0,112.0,697,697,DISAGREE_SV_ONLY
grease,Chuvash,Yakut,106.0,106.0,697,699,DISAGREE_LS_ONLY
grease,Kazakh,Kyrgyz,107.0,107.0,699,697,DISAGREE_LS_ONLY
grease,Kazakh,Turkish,107.0,106.0,699,701,AGREE_NON
grease,Kazakh,Turkmen,107.0,110.0,699,697,AGREE_NON
grease,Kazakh,Uyghur,107.0,107.0,699,697,DISAGREE_LS_ONLY
grease,Kazakh,Uzbek,107.0,112.0,699,697,AGREE_NON
grease,Kazakh,Yakut,107.0,106.0,699,699,DISAGREE_SV_ONLY
grease,Kyrgyz,Turkish,107.0,106.0,697,701,AGREE_NON
grease,Kyrgyz,Turkmen,107.0,110.0,697,697,DISAGREE_SV_ONLY
grease,Kyrgyz,Uyghur,107.0,107.0,697,697,AGREE_COGNATE
grease,Kyrgyz,Uzbek,107.0,112.0,697,697,DISAGREE_SV_ONLY
grease,Kyrgyz,Yakut,107.0,106.0,697,699,AGREE_NON
grease,Turkish,Turkmen,106.0,110.0,701,697,AGREE_NON
grease,Turkish,Uyghur,106.0,107.0,701,697,AGREE_NON
grease,Turkish,Uzbek,106.0,112.0,701,697,AGREE_NON
grease,Turkish,Yakut,106.0,106.0,701,699,DISAGREE_LS_ONLY
grease,Turkmen,Uyghur,110.0,107.0,697,697,DISAGREE_SV_ONLY
grease,Turkmen,Uzbek,110.0,112.0,697,697,DISAGREE_SV_ONLY
grease,Turkmen,Yakut,110.0,106.0,697,699,AGREE_NON
grease,Uyghur,Uzbek,107.0,112.0,697,697,DISAGREE_SV_ONLY
grease,Uyghur,Yakut,107.0,106.0,697,699,AGREE_NON
grease,Uzbek,Yakut,112.0,106.0,697,699,AGREE_NON
hair,Azerbaijani,Chuvash,113.0,113.0,74,74,AGREE_COGNATE
hair,Azerbaijani,Kazakh,113.0,113.0,74,74,AGREE_COGNATE
hair,Azerbaijani,Kyrgyz,113.0,116.0,74,74,DISAGREE_SV_ONLY
hair,Azerbaijani,Turkish,113.0,113.0,74,74,AGREE_COGNATE
hair,Azerbaijani,Turkmen,113.0,113.0,74,74,AGREE_COGNATE
hair,Azerbaijani,Uyghur,113.0,116.0,74,74,DISAGREE_SV_ONLY
hair,Azerbaijani,Uzbek,113.0,120.0,74,74,DISAGREE_SV_ONLY
hair,Azerbaijani,Yakut,113.0,113.0,74,74,AGREE_COGNATE
hair,Chuvash,Kazakh,113.0,113.0,74,74,AGREE_COGNATE
hair,Chuvash,Kyrgyz,113.0,116.0,74,74,DISAGREE_SV_ONLY
hair,Chuvash,Turkish,113.0,113.0,74,74,AGREE_COGNATE
hair,Chuvash,Turkmen,113.0,113.0,74,74,AGREE_COGNATE
hair,Chuvash,Uyghur,113.0,116.0,74,74,DISAGREE_SV_ONLY
hair,Chuvash,Uzbek,113.0,120.0,74,74,DISAGREE_SV_ONLY
hair,Chuvash,Yakut,113.0,113.0,74,74,AGREE_COGNATE
hair,Kazakh,Kyrgyz,113.0,116.0,74,74,DISAGREE_SV_ONLY
hair,Kazakh,Turkish,113.0,113.0,74,74,AGREE_COGNATE
hair,Kazakh,Turkmen,113.0,113.0,74,74,AGREE_COGNATE
hair,Kazakh,Uyghur,113.0,116.0,74,74,DISAGREE_SV_ONLY
hair,Kazakh,Uzbek,113.0,120.0,74,74,DISAGREE_SV_ONLY
hair,Kazakh,Yakut,113.0,113.0,74,74,AGREE_COGNATE
hair,Kyrgyz,Turkish,116.0,113.0,74,74,DISAGREE_SV_ONLY
hair,Kyrgyz,Turkmen,116.0,113.0,74,74,DISAGREE_SV_ONLY
hair,Kyrgyz,Uyghur,116.0,116.0,74,74,AGREE_COGNATE
hair,Kyrgyz,Uzbek,116.0,120.0,74,74,DISAGREE_SV_ONLY
hair,Kyrgyz,Yakut,116.0,113.0,74,74,DISAGREE_SV_ONLY
hair,Turkish,Turkmen,113.0,113.0,74,74,AGREE_COGNATE
hair,Turkish,Uyghur,113.0,116.0,74,74,DISAGREE_SV_ONLY
hair,Turkish,Uzbek,113.0,120.0,74,74,DISAGREE_SV_ONLY
hair,Turkish,Yakut,113.0,113.0,74,74,AGREE_COGNATE
hair,Turkmen,Uyghur,113.0,116.0,74,74,DISAGREE_SV_ONLY
hair,Turkmen,Uzbek,113.0,120.0,74,74,DISAGREE_SV_ONLY
hair,Turkmen,Yakut,113.0,113.0,74,74,AGREE_COGNATE
hair,Uyghur,Uzbek,116.0,120.0,74,74,DISAGREE_SV_ONLY
hair,Uyghur,Yakut,116.0,113.0,74,74,DISAGREE_SV_ONLY
hair,Uzbek,Yakut,120.0,113.0,74,74,DISAGREE_SV_ONLY
head,Azerbaijani,Chuvash,121.0,122.0,421,421,DISAGREE_SV_ONLY
head,Azerbaijani,Kazakh,121.0,123.0,421,421,DISAGREE_SV_ONLY
head,Azerbaijani,Kyrgyz,121.0,124.0,421,421,DISAGREE_SV_ONLY
head,Azerbaijani,Turkish,121.0,121.0,421,421,AGREE_COGNATE
head,Azerbaijani,Turkmen,121.0,121.0,421,618,DISAGREE_LS_ONLY
head,Azerbaijani,Uyghur,121.0,123.0,421,421,DISAGREE_SV_ONLY
head,Azerbaijani,Uzbek,121.0,123.0,421,421,DISAGREE_SV_ONLY
head,Azerbaijani,Yakut,121.0,124.0,421,421,DISAGREE_SV_ONLY
head,Chuvash,Kazakh,122.0,123.0,421,421,DISAGREE_SV_ONLY
head,Chuvash,Kyrgyz,122.0,124.0,421,421,DISAGREE_SV_ONLY
head,Chuvash,Turkish,122.0,121.0,421,421,DISAGREE_SV_ONLY
head,Chuvash,Turkmen,122.0,121.0,421,618,AGREE_NON
head,Chuvash,Uyghur,122.0,123.0,421,421,DISAGREE_SV_ONLY
head,Chuvash,Uzbek,122.0,123.0,421,421,DISAGREE_SV_ONLY
head,Chuvash,Yakut,122.0,124.0,421,421,DISAGREE_SV_ONLY
head,Kazakh,Kyrgyz,123.0,124.0,421,421,DISAGREE_SV_ONLY
head,Kazakh,Turkish,123.0,121.0,421,421,DISAGREE_SV_ONLY
head,Kazakh,Turkmen,123.0,121.0,421,618,AGREE_NON
head,Kazakh,Uyghur,123.0,123.0,421,421,AGREE_COGNATE
head,Kazakh,Uzbek,123.0,123.0,421,421,AGREE_COGNATE
head,Kazakh,Yakut,123.0,124.0,421,421,DISAGREE_SV_ONLY
head,Kyrgyz,Turkish,124.0,121.0,421,421,DISAGREE_SV_ONLY
head,Kyrgyz,Turkmen,124.0,121.0,421,618,AGREE_NON
head,Kyrgyz,Uyghur,124.0,123.0,421,421,DISAGREE_SV_ONLY
head,Kyrgyz,Uzbek,124.0,123.0,421,421,DISAGREE_SV_ONLY
head,Kyrgyz,Yakut,124.0,124.0,421,421,AGREE_COGNATE
head,Turkish,Turkmen,121.0,121.0,421,618,DISAGREE_LS_ONLY
head,Turkish,Uyghur,121.0,123.0,421,421,DISAGREE_SV_ONLY
head,Turkish,Uzbek,121.0,123.0,421,421,DISAGREE_SV_ONLY
head,Turkish,Yakut,121.0,124.0,421,421,DISAGREE_SV_ONLY
head,Turkmen,Uyghur,121.0,123.0,618,421,AGREE_NON
head,Turkmen,Uzbek,121.0,123.0,618,421,AGREE_NON
head,Turkmen,Yakut,121.0,124.0,618,421,AGREE_NON
head,Uyghur,Uzbek,123.0,123.0,421,421,AGREE_COGNATE
head,Uyghur,Yakut,123.0,124.0,421,421,DISAGREE_SV_ONLY
head,Uzbek,Yakut,123.0,124.0,421,421,DISAGREE_SV_ONLY
horn,Azerbaijani,Chuvash,125.0,126.0,95,95,DISAGREE_SV_ONLY
horn,Azerbaijani,Kazakh,125.0,127.0,95,95,DISAGREE_SV_ONLY
horn,Azerbaijani,Kyrgyz,125.0,128.0,95,95,DISAGREE_SV_ONLY
horn,Azerbaijani,Turkish,125.0,129.0,95,95,DISAGREE_SV_ONLY
horn,Azerbaijani,Uyghur,125.0,131.0,95,95,DISAGREE_SV_ONLY
horn,Azerbaijani,Yakut,125.0,133.0,95,95,DISAGREE_SV_ONLY
horn,Chuvash,Kazakh,126.0,127.0,95,95,DISAGREE_SV_ONLY
horn,Chuvash,Kyrgyz,126.0,128.0,95,95,DISAGREE_SV_ONLY
horn,Chuvash,Turkish,126.0,129.0,95,95,DISAGREE_SV_ONLY
horn,Chuvash,Uyghur,126.0,131.0,95,95,DISAGREE_SV_ONLY
horn,Chuvash,Yakut,126.0,133.0,95,95,DISAGREE_SV_ONLY
horn,Kazakh,Kyrgyz,127.0,128.0,95,95,DISAGREE_SV_ONLY
horn,Kazakh,Turkish,127.0,129.0,95,95,DISAGREE_SV_ONLY
horn,Kazakh,Uyghur,127.0,131.0,95,95,DISAGREE_SV_ONLY
horn,Kazakh,Yakut,127.0,133.0,95,95,DISAGREE_SV_ONLY
horn,Kyrgyz,Turkish,128.0,129.0,95,95,DISAGREE_SV_ONLY
horn,Kyrgyz,Uyghur,128.0,131.0,95,95,DISAGREE_SV_ONLY
horn,Kyrgyz,Yakut,128.0,133.0,95,95,DISAGREE_SV_ONLY
horn,Turkish,Uyghur,129.0,131.0,95,95,DISAGREE_SV_ONLY
horn,Turkish,Yakut,129.0,133.0,95,95,DISAGREE_SV_ONLY
horn,Uyghur,Yakut,131.0,133.0,95,95,DISAGREE_SV_ONLY
leaf,Azerbaijani,Chuvash,134.0,135.0,169,171,AGREE_NON
leaf,Azerbaijani,Kazakh,134.0,136.0,169,169,DISAGREE_SV_ONLY
leaf,Azerbaijani,Kyrgyz,134.0,136.0,169,169,DISAGREE_SV_ONLY
leaf,Azerbaijani,Turkish,134.0,136.0,169,169,DISAGREE_SV_ONLY
leaf,Azerbaijani,Turkmen,134.0,136.0,169,169,DISAGREE_SV_ONLY
leaf,Azerbaijani,Uyghur,134.0,140.0,169,169,DISAGREE_SV_ONLY
leaf,Azerbaijani,Yakut,134.0,142.0,169,169,DISAGREE_SV_ONLY
leaf,Chuvash,Kazakh,135.0,136.0,171,169,AGREE_NON
leaf,Chuvash,Kyrgyz,135.0,136.0,171,169,AGREE_NON
leaf,Chuvash,Turkish,135.0,136.0,171,169,AGREE_NON
leaf,Chuvash,Turkmen,135.0,136.0,171,169,AGREE_NON
leaf,Chuvash,Uyghur,135.0,140.0,171,169,AGREE_NON
leaf,Chuvash,Yakut,135.0,142.0,171,169,AGREE_NON
leaf,Kazakh,Kyrgyz,136.0,136.0,169,169,AGREE_COGNATE
leaf,Kazakh,Turkish,136.0,136.0,169,169,AGREE_COGNATE
leaf,Kazakh,Turkmen,136.0,136.0,169,169,AGREE_COGNATE
leaf,Kazakh,Uyghur,136.0,140.0,169,169,DISAGREE_SV_ONLY
leaf,Kazakh,Yakut,136.0,142.0,169,169,DISAGREE_SV_ONLY
leaf,Kyrgyz,Turkish,136.0,136.0,169,169,AGREE_COGNATE
leaf,Kyrgyz,Turkmen,136.0,136.0,169,169,AGREE_COGNATE
leaf,Kyrgyz,Uyghur,136.0,140.0,169,169,DISAGREE_SV_ONLY
leaf,Kyrgyz,Yakut,136.0,142.0,169,169,DISAGREE_SV_ONLY
leaf,Turkish,Turkmen,136.0,136.0,169,169,AGREE_COGNATE
leaf,Turkish,Uyghur,136.0,140.0,169,169,DISAGREE_SV_ONLY
leaf,Turkish,Yakut,136.0,142.0,169,169,DISAGREE_SV_ONLY
leaf,Turkmen,Uyghur,136.0,140.0,169,169,DISAGREE_SV_ONLY
leaf,Turkmen,Yakut,136.0,142.0,169,169,DISAGREE_SV_ONLY
leaf,Uyghur,Yakut,140.0,142.0,169,169,DISAGREE_SV_ONLY
long,Azerbaijani,Chuvash,143.0,144.0,217,217,DISAGREE_SV_ONLY
long,Azerbaijani,Kazakh,143.0,143.0,217,217,AGREE_COGNATE
long,Azerbaijani,Kyrgyz,143.0,143.0,217,217,AGREE_COGNATE
long,Azerbaijani,Turkish,143.0,143.0,217,217,AGREE_COGNATE
long,Azerbaijani,Turkmen,143.0,143.0,217,217,AGREE_COGNATE
long,Azerbaijani,Uyghur,143.0,143.0,217,217,AGREE_COGNATE
long,Azerbaijani,Uzbek,143.0,143.0,217,217,AGREE_COGNATE
long,Azerbaijani,Yakut,143.0,143.0,217,217,AGREE_COGNATE
long,Chuvash,Kazakh,144.0,143.0,217,217,DISAGREE_SV_ONLY
long,Chuvash,Kyrgyz,144.0,143.0,217,217,DISAGREE_SV_ONLY
long,Chuvash,Turkish,144.0,143.0,217,217,DISAGREE_SV_ONLY
long,Chuvash,Turkmen,144.0,143.0,217,217,DISAGREE_SV_ONLY
long,Chuvash,Uyghur,144.0,143.0,217,217,DISAGREE_SV_ONLY
long,Chuvash,Uzbek,144.0,143.0,217,217,DISAGREE_SV_ONLY
long,Chuvash,Yakut,144.0,143.0,217,217,DISAGREE_SV_ONLY
long,Kazakh,Kyrgyz,143.0,143.0,217,217,AGREE_COGNATE
long,Kazakh,Turkish,143.0,143.0,217,217,AGREE_COGNATE
long,Kazakh,Turkmen,143.0,143.0,217,217,AGREE_COGNATE
long,Kazakh,Uyghur,143.0,143.0,217,217,AGREE_COGNATE
long,Kazakh,Uzbek,143.0,143.0,217,217,AGREE_COGNATE
long,Kazakh,Yakut,143.0,143.0,217,217,AGREE_COGNATE
long,Kyrgyz,Turkish,143.0,143.0,217,217,AGREE_COGNATE
long,Kyrgyz,Turkmen,143.0,143.0,217,217,AGREE_COGNATE
long,Kyrgyz,Uyghur,143.0,143.0,217,217,AGREE_COGNATE
long,Kyrgyz,Uzbek,143.0,143.0,217,217,AGREE_COGNATE
long,Kyrgyz,Yakut,143.0,143.0,217,217,AGREE_COGNATE
long,Turkish,Turkmen,143.0,143.0,217,217,AGREE_COGNATE
long,Turkish,Uyghur,143.0,143.0,217,217,AGREE_COGNATE
long,Turkish,Uzbek,143.0,143.0,217,217,AGREE_COGNATE
long,Turkish,Yakut,143.0,143.0,217,217,AGREE_COGNATE
long,Turkmen,Uyghur,143.0,143.0,217,217,AGREE_COGNATE
long,Turkmen,Uzbek,143.0,143.0,217,217,AGREE_COGNATE
long,Turkmen,Yakut,143.0,143.0,217,217,AGREE_COGNATE
long,Uyghur,Uzbek,143.0,143.0,217,217,AGREE_COGNATE
long,Uyghur,Yakut,143.0,143.0,217,217,AGREE_COGNATE
long,Uzbek,Yakut,143.0,143.0,217,217,AGREE_COGNATE
louse,Azerbaijani,Chuvash,145.0,146.0,34,34,DISAGREE_SV_ONLY
louse,Azerbaijani,Kazakh,145.0,145.0,34,34,AGREE_COGNATE
louse,Azerbaijani,Kyrgyz,145.0,145.0,34,34,AGREE_COGNATE
louse,Azerbaijani,Turkish,145.0,145.0,34,34,AGREE_COGNATE
louse,Azerbaijani,Turkmen,145.0,145.0,34,34,AGREE_COGNATE
louse,Azerbaijani,Uyghur,145.0,145.0,34,34,AGREE_COGNATE
louse,Azerbaijani,Uzbek,145.0,145.0,34,34,AGREE_COGNATE
louse,Azerbaijani,Yakut,145.0,145.0,34,34,AGREE_COGNATE
louse,Chuvash,Kazakh,146.0,145.0,34,34,DISAGREE_SV_ONLY
louse,Chuvash,Kyrgyz,146.0,145.0,34,34,DISAGREE_SV_ONLY
louse,Chuvash,Turkish,146.0,145.0,34,34,DISAGREE_SV_ONLY
louse,Chuvash,Turkmen,146.0,145.0,34,34,DISAGREE_SV_ONLY
louse,Chuvash,Uyghur,146.0,145.0,34,34,DISAGREE_SV_ONLY
louse,Chuvash,Uzbek,146.0,145.0,34,34,DISAGREE_SV_ONLY
louse,Chuvash,Yakut,146.0,145.0,34,34,DISAGREE_SV_ONLY
louse,Kazakh,Kyrgyz,145.0,145.0,34,34,AGREE_COGNATE
louse,Kazakh,Turkish,145.0,145.0,34,34,AGREE_COGNATE
louse,Kazakh,Turkmen,145.0,145.0,34,34,AGREE_COGNATE
louse,Kazakh,Uyghur,145.0,145.0,34,34,AGREE_COGNATE
louse,Kazakh,Uzbek,145.0,145.0,34,34,AGREE_COGNATE
louse,Kazakh,Yakut,145.0,145.0,34,34,AGREE_COGNATE
louse,Kyrgyz,Turkish,145.0,145.0,34,34,AGREE_COGNATE
louse,Kyrgyz,Turkmen,145.0,145.0,34,34,AGREE_COGNATE
louse,Kyrgyz,Uyghur,145.0,145.0,34,34,AGREE_COGNATE
louse,Kyrgyz,Uzbek,145.0,145.0,34,34,AGREE_COGNATE
louse,Kyrgyz,Yakut,145.0,145.0,34,34,AGREE_COGNATE
louse,Turkish,Turkmen,145.0,145.0,34,34,AGREE_COGNATE
louse,Turkish,Uyghur,145.0,145.0,34,34,AGREE_COGNATE
louse,Turkish,Uzbek,145.0,145.0,34,34,AGREE_COGNATE
louse,Turkish,Yakut,145.0,145.0,34,34,AGREE_COGNATE
louse,Turkmen,Uyghur,145.0,145.0,34,34,AGREE_COGNATE
louse,Turkmen,Uzbek,145.0,145.0,34,34,AGREE_COGNATE
louse,Turkmen,Yakut,145.0,145.0,34,34,AGREE_COGNATE
louse,Uyghur,Uzbek,145.0,145.0,34,34,AGREE_COGNATE
louse,Uyghur,Yakut,145.0,145.0,34,34,AGREE_COGNATE
louse,Uzbek,Yakut,145.0,145.0,34,34,AGREE_COGNATE
man,Azerbaijani,Chuvash,147.0,148.0,589,592,AGREE_NON
man,Azerbaijani,Kazakh,147.0,148.0,589,521,AGREE_NON
man,Azerbaijani,Kyrgyz,147.0,148.0,589,521,AGREE_NON
man,Azerbaijani,Turkish,147.0,148.0,589,589,DISAGREE_SV_ONLY
man,Azerbaijani,Turkmen,147.0,152.0,589,521,AGREE_NON
man,Azerbaijani,Uyghur,147.0,148.0,589,521,AGREE_NON
man,Azerbaijani,Uzbek,147.0,148.0,589,593,AGREE_NON
man,Azerbaijani,Yakut,147.0,148.0,589,337,AGREE_NON
man,Chuvash,Kazakh,148.0,148.0,592,521,DISAGREE_LS_ONLY
man,Chuvash,Kyrgyz,148.0,148.0,592,521,DISAGREE_LS_ONLY
man,Chuvash,Turkish,148.0,148.0,592,589,DISAGREE_LS_ONLY
man,Chuvash,Turkmen,148.0,152.0,592,521,AGREE_NON
man,Chuvash,Uyghur,148.0,148.0,592,521,DISAGREE_LS_ONLY
man,Chuvash,Uzbek,148.0,148.0,592,593,DISAGREE_LS_ONLY
man,Chuvash,Yakut,148.0,148.0,592,337,DISAGREE_LS_ONLY
man,Kazakh,Kyrgyz,148.0,148.0,521,521,AGREE_COGNATE
man,Kazakh,Turkish,148.0,148.0,521,589,DISAGREE_LS_ONLY
man,Kazakh,Turkmen,148.0,152.0,521,521,DISAGREE_SV_ONLY
man,Kazakh,Uyghur,148.0,148.0,521,521,AGREE_COGNATE
man,Kazakh,Uzbek,148.0,148.0,521,593,DISAGREE_LS_ONLY
man,Kazakh,Yakut,148.0,148.0,521,337,DISAGREE_LS_ONLY
man,Kyrgyz,Turkish,148.0,148.0,521,589,DISAGREE_LS_ONLY
man,Kyrgyz,Turkmen,148.0,152.0,521,521,DISAGREE_SV_ONLY
man,Kyrgyz,Uyghur,148.0,148.0,521,521,AGREE_COGNATE
man,Kyrgyz,Uzbek,148.0,148.0,521,593,DISAGREE_LS_ONLY
man,Kyrgyz,Yakut,148.0,148.0,521,337,DISAGREE_LS_ONLY
man,Turkish,Turkmen,148.0,152.0,589,521,AGREE_NON
man,Turkish,Uyghur,148.0,148.0,589,521,DISAGREE_LS_ONLY
man,Turkish,Uzbek,148.0,148.0,589,593,DISAGREE_LS_ONLY
man,Turkish,Yakut,148.0,148.0,589,337,DISAGREE_LS_ONLY
man,Turkmen,Uyghur,152.0,148.0,521,521,DISAGREE_SV_ONLY
man,Turkmen,Uzbek,152.0,148.0,521,593,AGREE_NON
man,Turkmen,Yakut,152.0,148.0,521,337,AGREE_NON
man,Uyghur,Uzbek,148.0,148.0,521,593,DISAGREE_LS_ONLY
man,Uyghur,Yakut,148.0,148.0,521,337,DISAGREE_LS_ONLY
man,Uzbek,Yakut,148.0,148.0,593,337,DISAGREE_LS_ONLY
many,Azerbaijani,Kazakh,153.0,155.0,522,521,AGREE_NON
many,Azerbaijani,Kyrgyz,153.0,156.0,522,521,AGREE_NON
many,Azerbaijani,Turkish,153.0,157.0,522,522,DISAGREE_SV_ONLY
many,Azerbaijani,Turkmen,153.0,158.0,522,521,AGREE_NON
many,Azerbaijani,Uyghur,153.0,159.0,522,521,AGREE_NON
many,Azerbaijani,Uzbek,153.0,160.0,522,521,AGREE_NON
many,Kazakh,Kyrgyz,155.0,156.0,521,521,DISAGREE_SV_ONLY
many,Kazakh,Turkish,155.0,157.0,521,522,AGREE_NON
many,Kazakh,Turkmen,155.0,158.0,521,521,DISAGREE_SV_ONLY
many,Kazakh,Uyghur,155.0,159.0,521,521,DISAGREE_SV_ONLY
many,Kazakh,Uzbek,155.0,160.0,521,521,DISAGREE_SV_ONLY
many,Kyrgyz,Turkish,156.0,157.0,521,522,AGREE_NON
many,Kyrgyz,Turkmen,156.0,158.0,521,521,DISAGREE_SV_ONLY
many,Kyrgyz,Uyghur,156.0,159.0,521,521,DISAGREE_SV_ONLY
many,Kyrgyz,Uzbek,156.0,160.0,521,521,DISAGREE_SV_ONLY
many,Turkish,Turkmen,157.0,158.0,522,521,AGREE_NON
many,Turkish,Uyghur,157.0,159.0,522,521,AGREE_NON
many,Turkish,Uzbek,157.0,160.0,522,521,AGREE_NON
many,Turkmen,Uyghur,158.0,159.0,521,521,DISAGREE_SV_ONLY
many,Turkmen,Uzbek,158.0,160.0,521,521,DISAGREE_SV_ONLY
many,Uyghur,Uzbek,159.0,160.0,521,521,DISAGREE_SV_ONLY
not,Azerbaijani,Chuvash,161.0,162.0,148,148,DISAGREE_SV_ONLY
not,Azerbaijani,Kazakh,161.0,163.0,148,148,DISAGREE_SV_ONLY
not,Azerbaijani,Kyrgyz,161.0,164.0,148,148,DISAGREE_SV_ONLY
not,Azerbaijani,Turkish,161.0,165.0,148,148,DISAGREE_SV_ONLY
not,Azerbaijani,Turkmen,161.0,165.0,148,148,DISAGREE_SV_ONLY
not,Azerbaijani,Uyghur,161.0,167.0,148,148,DISAGREE_SV_ONLY
not,Azerbaijani,Uzbek,161.0,162.0,148,148,DISAGREE_SV_ONLY
not,Azerbaijani,Yakut,161.0,169.0,148,148,DISAGREE_SV_ONLY
not,Chuvash,Kazakh,162.0,163.0,148,148,DISAGREE_SV_ONLY
not,Chuvash,Kyrgyz,162.0,164.0,148,148,DISAGREE_SV_ONLY
not,Chuvash,Turkish,162.0,165.0,148,148,DISAGREE_SV_ONLY
not,Chuvash,Turkmen,162.0,165.0,148,148,DISAGREE_SV_ONLY
not,Chuvash,Uyghur,162.0,167.0,148,148,DISAGREE_SV_ONLY
not,Chuvash,Uzbek,162.0,162.0,148,148,AGREE_COGNATE
not,Chuvash,Yakut,162.0,169.0,148,148,DISAGREE_SV_ONLY
not,Kazakh,Kyrgyz,163.0,164.0,148,148,DISAGREE_SV_ONLY
not,Kazakh,Turkish,163.0,165.0,148,148,DISAGREE_SV_ONLY
not,Kazakh,Turkmen,163.0,165.0,148,148,DISAGREE_SV_ONLY
not,Kazakh,Uyghur,163.0,167.0,148,148,DISAGREE_SV_ONLY
not,Kazakh,Uzbek,163.0,162.0,148,148,DISAGREE_SV_ONLY
not,Kazakh,Yakut,163.0,169.0,148,148,DISAGREE_SV_ONLY
not,Kyrgyz,Turkish,164.0,165.0,148,148,DISAGREE_SV_ONLY
not,Kyrgyz,Turkmen,164.0,165.0,148,148,DISAGREE_SV_ONLY
not,Kyrgyz,Uyghur,164.0,167.0,148,148,DISAGREE_SV_ONLY
not,Kyrgyz,Uzbek,164.0,162.0,148,148,DISAGREE_SV_ONLY
not,Kyrgyz,Yakut,164.0,169.0,148,148,DISAGREE_SV_ONLY
not,Turkish,Turkmen,165.0,165.0,148,148,AGREE_COGNATE
not,Turkish,Uyghur,165.0,167.0,148,148,DISAGREE_SV_ONLY
not,Turkish,Uzbek,165.0,162.0,148,148,DISAGREE_SV_ONLY
not,Turkish,Yakut,165.0,169.0,148,148,DISAGREE_SV_ONLY
not,Turkmen,Uyghur,165.0,167.0,148,148,DISAGREE_SV_ONLY
not,Turkmen,Uzbek,165.0,162.0,148,148,DISAGREE_SV_ONLY
not,Turkmen,Yakut,165.0,169.0,148,148,DISAGREE_SV_ONLY
not,Uyghur,Uzbek,167.0,162.0,148,148,DISAGREE_SV_ONLY
not,Uyghur,Yakut,167.0,169.0,148,148,DISAGREE_SV_ONLY
not,Uzbek,Yakut,162.0,169.0,148,148,DISAGREE_SV_ONLY
one,Azerbaijani,Chuvash,170.0,170.0,66,66,AGREE_COGNATE
one,Azerbaijani,Kazakh,170.0,170.0,66,66,AGREE_COGNATE
one,Azerbaijani,Kyrgyz,170.0,170.0,66,66,AGREE_COGNATE
one,Azerbaijani,Turkish,170.0,170.0,66,66,AGREE_COGNATE
one,Azerbaijani,Turkmen,170.0,170.0,66,66,AGREE_COGNATE
one,Azerbaijani,Uyghur,170.0,170.0,66,66,AGREE_COGNATE
one,Azerbaijani,Uzbek,170.0,170.0,66,66,AGREE_COGNATE
one,Azerbaijani,Yakut,170.0,170.0,66,66,AGREE_COGNATE
one,Chuvash,Kazakh,170.0,170.0,66,66,AGREE_COGNATE
one,Chuvash,Kyrgyz,170.0,170.0,66,66,AGREE_COGNATE
one,Chuvash,Turkish,170.0,170.0,66,66,AGREE_COGNATE
one,Chuvash,Turkmen,170.0,170.0,66,66,AGREE_COGNATE
one,Chuvash,Uyghur,170.0,170.0,66,66,AGREE_COGNATE
one,Chuvash,Uzbek,170.0,170.0,66,66,AGREE_COGNATE
one,Chuvash,Yakut,170.0,170.0,66,66,AGREE_COGNATE
one,Kazakh,Kyrgyz,170.0,170.0,66,66,AGREE_COGNATE
one,Kazakh,Turkish,170.0,170.0,66,66,AGREE_COGNATE
one,Kazakh,Turkmen,170.0,170.0,66,66,AGREE_COGNATE
one,Kazakh,Uyghur,170.0,170.0,66,66,AGREE_COGNATE
one,Kazakh,Uzbek,170.0,170.0,66,66,AGREE_COGNATE
one,Kazakh,Yakut,170.0,170.0,66,66,AGREE_COGNATE
one,Kyrgyz,Turkish,170.0,170.0,66,66,AGREE_COGNATE
one,Kyrgyz,Turkmen,170.0,170.0,66,66,AGREE_COGNATE
one,Kyrgyz,Uyghur,170.0,170.0,66,66,AGREE_COGNATE
one,Kyrgyz,Uzbek,170.0,170.0,66,66,AGREE_COGNATE
one,Kyrgyz,Yakut,170.0,170.0,66,66,AGREE_COGNATE
one,Turkish,Turkmen,170.0,170.0,66,66,AGREE_COGNATE
one,Turkish,Uyghur,170.0,170.0,66,66,AGREE_COGNATE
one,Turkish,Uzbek,170.0,170.0,66,66,AGREE_COGNATE
one,Turkish,Yakut,170.0,170.0,66,66,AGREE_COGNATE
one,Turkmen,Uyghur,170.0,170.0,66,66,AGREE_COGNATE
one,Turkmen,Uzbek,170.0,170.0,66,66,AGREE_COGNATE
one,Turkmen,Yakut,170.0,170.0,66,66,AGREE_COGNATE
one,Uyghur,Uzbek,170.0,170.0,66,66,AGREE_COGNATE
one,Uyghur,Yakut,170.0,170.0,66,66,AGREE_COGNATE
one,Uzbek,Yakut,170.0,170.0,66,66,AGREE_COGNATE
person,Chuvash,Kazakh,172.0,173.0,771,770,AGREE_NON
person,Chuvash,Kyrgyz,172.0,173.0,771,770,AGREE_NON
person,Chuvash,Turkish,172.0,173.0,771,770,AGREE_NON
person,Chuvash,Uyghur,172.0,173.0,771,770,AGREE_NON
person,Chuvash,Uzbek,172.0,173.0,771,770,AGREE_NON
person,Chuvash,Yakut,172.0,173.0,771,770,AGREE_NON
person,Kazakh,Kyrgyz,173.0,173.0,770,770,AGREE_COGNATE
person,Kazakh,Turkish,173.0,173.0,770,770,AGREE_COGNATE
person,Kazakh,Uyghur,173.0,173.0,770,770,AGREE_COGNATE
person,Kazakh,Uzbek,173.0,173.0,770,770,AGREE_COGNATE
person,Kazakh,Yakut,173.0,173.0,770,770,AGREE_COGNATE
person,Kyrgyz,Turkish,173.0,173.0,770,770,AGREE_COGNATE
person,Kyrgyz,Uyghur,173.0,173.0,770,770,AGREE_COGNATE
person,Kyrgyz,Uzbek,173.0,173.0,770,770,AGREE_COGNATE
person,Kyrgyz,Yakut,173.0,173.0,770,770,AGREE_COGNATE
person,Turkish,Uyghur,173.0,173.0,770,770,AGREE_COGNATE
person,Turkish,Uzbek,173.0,173.0,770,770,AGREE_COGNATE
person,Turkish,Yakut,173.0,173.0,770,770,AGREE_COGNATE
person,Uyghur,Uzbek,173.0,173.0,770,770,AGREE_COGNATE
person,Uyghur,Yakut,173.0,173.0,770,770,AGREE_COGNATE
person,Uzbek,Yakut,173.0,173.0,770,770,AGREE_COGNATE
root,Azerbaijani,Chuvash,174.0,175.0,21,18,AGREE_NON
root,Azerbaijani,Kazakh,174.0,176.0,21,18,AGREE_NON
root,Azerbaijani,Kyrgyz,174.0,176.0,21,18,AGREE_NON
root,Azerbaijani,Turkish,174.0,174.0,21,21,AGREE_COGNATE
root,Azerbaijani,Turkmen,174.0,174.0,21,21,AGREE_COGNATE
root,Azerbaijani,Uyghur,174.0,176.0,21,19,AGREE_NON
root,Azerbaijani,Uzbek,174.0,181.0,21,19,AGREE_NON
root,Azerbaijani,Yakut,174.0,182.0,21,19,AGREE_NON
root,Chuvash,Kazakh,175.0,176.0,18,18,DISAGREE_SV_ONLY
root,Chuvash,Kyrgyz,175.0,176.0,18,18,DISAGREE_SV_ONLY
root,Chuvash,Turkish,175.0,174.0,18,21,AGREE_NON
root,Chuvash,Turkmen,175.0,174.0,18,21,AGREE_NON
root,Chuvash,Uyghur,175.0,176.0,18,19,AGREE_NON
root,Chuvash,Uzbek,175.0,181.0,18,19,AGREE_NON
root,Chuvash,Yakut,175.0,182.0,18,19,AGREE_NON
root,Kazakh,Kyrgyz,176.0,176.0,18,18,AGREE_COGNATE
root,Kazakh,Turkish,176.0,174.0,18,21,AGREE_NON
root,Kazakh,Turkmen,176.0,174.0,18,21,AGREE_NON
root,Kazakh,Uyghur,176.0,176.0,18,19,DISAGREE_LS_ONLY
root,Kazakh,Uzbek,176.0,181.0,18,19,AGREE_NON
root,Kazakh,Yakut,176.0,182.0,18,19,AGREE_NON
root,Kyrgyz,Turkish,176.0,174.0,18,21,AGREE_NON
root,Kyrgyz,Turkmen,176.0,174.0,18,21,AGREE_NON
root,Kyrgyz,Uyghur,176.0,176.0,18,19,DISAGREE_LS_ONLY
root,Kyrgyz,Uzbek,176.0,181.0,18,19,AGREE_NON
root,Kyrgyz,Yakut,176.0,182.0,18,19,AGREE_NON
root,Turkish,Turkmen,174.0,174.0,21,21,AGREE_COGNATE
root,Turkish,Uyghur,174.0,176.0,21,19,AGREE_NON
root,Turkish,Uzbek,174.0,181.0,21,19,AGREE_NON
root,Turkish,Yakut,174.0,182.0,21,19,AGREE_NON
root,Turkmen,Uyghur,174.0,176.0,21,19,AGREE_NON
root,Turkmen,Uzbek,174.0,181.0,21,19,AGREE_NON
root,Turkmen,Yakut,174.0,182.0,21,19,AGREE_NON
root,Uyghur,Uzbek,176.0,181.0,19,19,DISAGREE_SV_ONLY
root,Uyghur,Yakut,176.0,182.0,19,19,DISAGREE_SV_ONLY
root,Uzbek,Yakut,181.0,182.0,19,19,DISAGREE_SV_ONLY
seed,Chuvash,Kazakh,183.0,183.0,799,799,AGREE_COGNATE
seed,Chuvash,Kyrgyz,183.0,183.0,799,799,AGREE_COGNATE
seed,Chuvash,Uyghur,183.0,183.0,799,799,AGREE_COGNATE
seed,Chuvash,Uzbek,183.0,183.0,799,799,AGREE_COGNATE
seed,Kazakh,Kyrgyz,183.0,183.0,799,799,AGREE_COGNATE
seed,Kazakh,Uyghur,183.0,183.0,799,799,AGREE_COGNATE
seed,Kazakh,Uzbek,183.0,183.0,799,799,AGREE_COGNATE
seed,Kyrgyz,Uyghur,183.0,183.0,799,799,AGREE_COGNATE
seed,Kyrgyz,Uzbek,183.0,183.0,799,799,AGREE_COGNATE
seed,Uyghur,Uzbek,183.0,183.0,799,799,AGREE_COGNATE
skin,Azerbaijani,Chuvash,192.0,192.0,182,182,AGREE_COGNATE
skin,Azerbaijani,Kazakh,192.0,192.0,182,182,AGREE_COGNATE
skin,Azerbaijani,Kyrgyz,192.0,192.0,182,182,AGREE_COGNATE
skin,Azerbaijani,Turkish,192.0,192.0,182,182,AGREE_COGNATE
skin,Azerbaijani,Turkmen,192.0,192.0,182,182,AGREE_COGNATE
skin,Azerbaijani,Uyghur,192.0,192.0,182,182,AGREE_COGNATE
skin,Azerbaijani,Uzbek,192.0,192.0,182,182,AGREE_COGNATE
skin,Azerbaijani,Yakut,192.0,192.0,182,182,AGREE_COGNATE
skin,Chuvash,Kazakh,192.0,192.0,182,182,AGREE_COGNATE
skin,Chuvash,Kyrgyz,192.0,192.0,182,182,AGREE_COGNATE
skin,Chuvash,Turkish,192.0,192.0,182,182,AGREE_COGNATE
skin,Chuvash,Turkmen,192.0,192.0,182,182,AGREE_COGNATE
skin,Chuvash,Uyghur,192.0,192.0,182,182,AGREE_COGNATE
skin,Chuvash,Uzbek,192.0,192.0,182,182,AGREE_COGNATE
skin,Chuvash,Yakut,192.0,192.0,182,182,AGREE_COGNATE
skin,Kazakh,Kyrgyz,192.0,192.0,182,182,AGREE_COGNATE
skin,Kazakh,Turkish,192.0,192.0,182,182,AGREE_COGNATE
skin,Kazakh,Turkmen,192.0,192.0,182,182,AGREE_COGNATE
skin,Kazakh,Uyghur,192.0,192.0,182,182,AGREE_COGNATE
skin,Kazakh,Uzbek,192.0,192.0,182,182,AGREE_COGNATE
skin,Kazakh,Yakut,192.0,192.0,182,182,AGREE_COGNATE
skin,Kyrgyz,Turkish,192.0,192.0,182,182,AGREE_COGNATE
skin,Kyrgyz,Turkmen,192.0,192.0,182,182,AGREE_COGNATE
skin,Kyrgyz,Uyghur,192.0,192.0,182,182,AGREE_COGNATE
skin,Kyrgyz,Uzbek,192.0,192.0,182,182,AGREE_COGNATE
skin,Kyrgyz,Yakut,192.0,192.0,182,182,AGREE_COGNATE
skin,Turkish,Turkmen,192.0,192.0,182,182,AGREE_COGNATE
skin,Turkish,Uyghur,192.0,192.0,182,182,AGREE_COGNATE
skin,Turkish,Uzbek,192.0,192.0,182,182,AGREE_COGNATE
skin,Turkish,Yakut,192.0,192.0,182,182,AGREE_COGNATE
skin,Turkmen,Uyghur,192.0,192.0,182,182,AGREE_COGNATE
skin,Turkmen,Uzbek,192.0,192.0,182,182,AGREE_COGNATE
skin,Turkmen,Yakut,192.0,192.0,182,182,AGREE_COGNATE
skin,Uyghur,Uzbek,192.0,192.0,182,182,AGREE_COGNATE
skin,Uyghur,Yakut,192.0,192.0,182,182,AGREE_COGNATE
skin,Uzbek,Yakut,192.0,192.0,182,182,AGREE_COGNATE
small,Azerbaijani,Kazakh,193.0,195.0,280,280,DISAGREE_SV_ONLY
small,Azerbaijani,Kyrgyz,193.0,196.0,280,280,DISAGREE_SV_ONLY
small,Azerbaijani,Turkish,193.0,193.0,280,282,DISAGREE_LS_ONLY
small,Azerbaijani,Turkmen,193.0,198.0,280,280,DISAGREE_SV_ONLY
small,Azerbaijani,Uyghur,193.0,196.0,280,280,DISAGREE_SV_ONLY
small,Azerbaijani,Uzbek,193.0,195.0,280,280,DISAGREE_SV_ONLY
small,Azerbaijani,Yakut,193.0,201.0,280,280,DISAGREE_SV_ONLY
small,Kazakh,Kyrgyz,195.0,196.0,280,280,DISAGREE_SV_ONLY
small,Kazakh,Turkish,195.0,193.0,280,282,AGREE_NON
small,Kazakh,Turkmen,195.0,198.0,280,280,DISAGREE_SV_ONLY
small,Kazakh,Uyghur,195.0,196.0,280,280,DISAGREE_SV_ONLY
small,Kazakh,Uzbek,195.0,195.0,280,280,AGREE_COGNATE
small,Kazakh,Yakut,195.0,201.0,280,280,DISAGREE_SV_ONLY
small,Kyrgyz,Turkish,196.0,193.0,280,282,AGREE_NON
small,Kyrgyz,Turkmen,196.0,198.0,280,280,DISAGREE_SV_ONLY
small,Kyrgyz,Uyghur,196.0,196.0,280,280,AGREE_COGNATE
small,Kyrgyz,Uzbek,196.0,195.0,280,280,DISAGREE_SV_ONLY
small,Kyrgyz,Yakut,196.0,201.0,280,280,DISAGREE_SV_ONLY
small,Turkish,Turkmen,193.0,198.0,282,280,AGREE_NON
small,Turkish,Uyghur,193.0,196.0,282,280,AGREE_NON
small,Turkish,Uzbek,193.0,195.0,282,280,AGREE_NON
small,Turkish,Yakut,193.0,201.0,282,280,AGREE_NON
small,Turkmen,Uyghur,198.0,196.0,280,280,DISAGREE_SV_ONLY
small,Turkmen,Uzbek,198.0,195.0,280,280,DISAGREE_SV_ONLY
small,Turkmen,Yakut,198.0,201.0,280,280,DISAGREE_SV_ONLY
small,Uyghur,Uzbek,196.0,195.0,280,280,DISAGREE_SV_ONLY
small,Uyghur,Yakut,196.0,201.0,280,280,DISAGREE_SV_ONLY
small,Uzbek,Yakut,195.0,201.0,280,280,DISAGREE_SV_ONLY
tail,Azerbaijani,Chuvash,202.0,203.0,248,248,DISAGREE_SV_ONLY
tail,Azerbaijani,Kazakh,202.0,204.0,248,248,DISAGREE_SV_ONLY
tail,Azerbaijani,Kyrgyz,202.0,204.0,248,248,DISAGREE_SV_ONLY
tail,Azerbaijani,Turkish,202.0,202.0,248,248,AGREE_COGNATE
tail,Azerbaijani,Turkmen,202.0,207.0,248,248,DISAGREE_SV_ONLY
tail,Azerbaijani,Uyghur,202.0,204.0,248,248,DISAGREE_SV_ONLY
tail,Azerbaijani,Yakut,202.0,210.0,248,248,DISAGREE_SV_ONLY
tail,Chuvash,Kazakh,203.0,204.0,248,248,DISAGREE_SV_ONLY
tail,Chuvash,Kyrgyz,203.0,204.0,248,248,DISAGREE_SV_ONLY
tail,Chuvash,Turkish,203.0,202.0,248,248,DISAGREE_SV_ONLY
tail,Chuvash,Turkmen,203.0,207.0,248,248,DISAGREE_SV_ONLY
tail,Chuvash,Uyghur,203.0,204.0,248,248,DISAGREE_SV_ONLY
tail,Chuvash,Yakut,203.0,210.0,248,248,DISAGREE_SV_ONLY
tail,Kazakh,Kyrgyz,204.0,204.0,248,248,AGREE_COGNATE
tail,Kazakh,Turkish,204.0,202.0,248,248,DISAGREE_SV_ONLY
tail,Kazakh,Turkmen,204.0,207.0,248,248,DISAGREE_SV_ONLY
tail,Kazakh,Uyghur,204.0,204.0,248,248,AGREE_COGNATE
tail,Kazakh,Yakut,204.0,210.0,248,248,DISAGREE_SV_ONLY
tail,Kyrgyz,Turkish,204.0,202.0,248,248,DISAGREE_SV_ONLY
tail,Kyrgyz,Turkmen,204.0,207.0,248,248,DISAGREE_SV_ONLY
tail,Kyrgyz,Uyghur,204.0,204.0,248,248,AGREE_COGNATE
tail,Kyrgyz,Yakut,204.0,210.0,248,248,DISAGREE_SV_ONLY
tail,Turkish,Turkmen,202.0,207.0,248,248,DISAGREE_SV_ONLY
tail,Turkish,Uyghur,202.0,204.0,248,248,DISAGREE_SV_ONLY
tail,Turkish,Yakut,202.0,210.0,248,248,DISAGREE_SV_ONLY
tail,Turkmen,Uyghur,207.0,204.0,248,248,DISAGREE_SV_ONLY
tail,Turkmen,Yakut,207.0,210.0,248,248,DISAGREE_SV_ONLY
tail,Uyghur,Yakut,204.0,210.0,248,248,DISAGREE_SV_ONLY
that,Azerbaijani,Chuvash,211.0,212.0,557,557,DISAGREE_SV_ONLY
that,Azerbaijani,Kazakh,211.0,213.0,557,559,AGREE_NON
that,Azerbaijani,Kyrgyz,211.0,211.0,557,558,DISAGREE_LS_ONLY
that,Azerbaijani,Turkish,211.0,211.0,557,557,AGREE_COGNATE
that,Azerbaijani,Turkmen,211.0,211.0,557,557,AGREE_COGNATE
that,Azerbaijani,Uyghur,211.0,211.0,557,557,AGREE_COGNATE
that,Azerbaijani,Uzbek,211.0,218.0,557,557,DISAGREE_SV_ONLY
that,Azerbaijani,Yakut,211.0,218.0,557,557,DISAGREE_SV_ONLY
that,Chuvash,Kazakh,212.0,213.0,557,559,AGREE_NON
that,Chuvash,Kyrgyz,212.0,211.0,557,558,AGREE_NON
that,Chuvash,Turkish,212.0,211.0,557,557,DISAGREE_SV_ONLY
that,Chuvash,Turkmen,212.0,211.0,557,557,DISAGREE_SV_ONLY
that,Chuvash,Uyghur,212.0,211.0,557,557,DISAGREE_SV_ONLY
that,Chuvash,Uzbek,212.0,218.0,557,557,DISAGREE_SV_ONLY
that,Chuvash,Yakut,212.0,218.0,557,557,DISAGREE_SV_ONLY
that,Kazakh,Kyrgyz,213.0,211.0,559,558,AGREE_NON
that,Kazakh,Turkish,213.0,211.0,559,557,AGREE_NON
that,Kazakh,Turkmen,213.0,211.0,559,557,AGREE_NON
that,Kazakh,Uyghur,213.0,211.0,559,557,AGREE_NON
that,Kazakh,Uzbek,213.0,218.0,559,557,AGREE_NON
that,Kazakh,Yakut,213.0,218.0,559,557,AGREE_NON
that,Kyrgyz,Turkish,211.0,211.0,558,557,DISAGREE_LS_ONLY
that,Kyrgyz,Turkmen,211.0,211.0,558,557,DISAGREE_LS_ONLY
that,Kyrgyz,Uyghur,211.0,211.0,558,557,DISAGREE_LS_ONLY
that,Kyrgyz,Uzbek,211.0,218.0,558,557,AGREE_NON
that,Kyrgyz,Yakut,211.0,218.0,558,557,AGREE_NON
that,Turkish,Turkmen,211.0,211.0,557,557,AGREE_COGNATE
that,Turkish,Uyghur,211.0,211.0,557,557,AGREE_COGNATE
that,Turkish,Uzbek,211.0,218.0,557,557,DISAGREE_SV_ONLY
that,Turkish,Yakut,211.0,218.0,557,557,DISAGREE_SV_ONLY
that,Turkmen,Uyghur,211.0,211.0,557,557,AGREE_COGNATE
that,Turkmen,Uzbek,211.0,218.0,557,557,DISAGREE_SV_ONLY
that,Turkmen,Yakut,211.0,218.0,557,557,DISAGREE_SV_ONLY
that,Uyghur,Uzbek,211.0,218.0,557,557,DISAGREE_SV_ONLY
that,Uyghur,Yakut,211.0,218.0,557,557,DISAGREE_SV_ONLY
that,Uzbek,Yakut,218.0,218.0,557,557,AGREE_COGNATE
this,Azerbaijani,Chuvash,219.0,220.0,96,97,AGREE_NON
this,Azerbaijani,Kazakh,219.0,219.0,96,96,AGREE_COGNATE
this,Azerbaijani,Kyrgyz,219.0,219.0,96,96,AGREE_COGNATE
this,Azerbaijani,Turkish,219.0,219.0,96,96,AGREE_COGNATE
this,Azerbaijani,Turkmen,219.0,219.0,96,96,AGREE_COGNATE
this,Azerbaijani,Uyghur,219.0,219.0,96,96,AGREE_COGNATE
this,Azerbaijani,Uzbek,219.0,219.0,96,96,AGREE_COGNATE
this,Azerbaijani,Yakut,219.0,219.0,96,96,AGREE_COGNATE
this,Chuvash,Kazakh,220.0,219.0,97,96,AGREE_NON
this,Chuvash,Kyrgyz,220.0,219.0,97,96,AGREE_NON
this,Chuvash,Turkish,220.0,219.0,97,96,AGREE_NON
this,Chuvash,Turkmen,220.0,219.0,97,96,AGREE_NON
this,Chuvash,Uyghur,220.0,219.0,97,96,AGREE_NON
this,Chuvash,Uzbek,220.0,219.0,97,96,AGREE_NON
this,Chuvash,Yakut,220.0,219.0,97,96,AGREE_NON
this,Kazakh,Kyrgyz,219.0,219.0,96,96,AGREE_COGNATE
this,Kazakh,Turkish,219.0,219.0,96,96,AGREE_COGNATE
this,Kazakh,Turkmen,219.0,219.0,96,96,AGREE_COGNATE
this,Kazakh,Uyghur,219.0,219.0,96,96,AGREE_COGNATE
this,Kazakh,Uzbek,219.0,219.0,96,96,AGREE_COGNATE
this,Kazakh,Yakut,219.0,219.0,96,96,AGREE_COGNATE
this,Kyrgyz,Turkish,219.0,219.0,96,96,AGREE_COGNATE
this,Kyrgyz,Turkmen,219.0,219.0,96,96,AGREE_COGNATE
this,Kyrgyz,Uyghur,219.0,219.0,96,96,AGREE_COGNATE
this,Kyrgyz,Uzbek,219.0,219.0,96,96,AGREE_COGNATE
this,Kyrgyz,Yakut,219.0,219.0,96,96,AGREE_COGNATE
this,Turkish,Turkmen,219.0,219.0,96,96,AGREE_COGNATE
this,Turkish,Uyghur,219.0,219.0,96,96,AGREE_COGNATE
this,Turkish,Uzbek,219.0,219.0,96,96,AGREE_COGNATE
this,Turkish,Yakut,219.0,219.0,96,96,AGREE_COGNATE
this,Turkmen,Uyghur,219.0,219.0,96,96,AGREE_COGNATE
this,Turkmen,Uzbek,219.0,219.0,96,96,AGREE_COGNATE
this,Turkmen,Yakut,219.0,219.0,96,96,AGREE_COGNATE
this,Uyghur,Uzbek,219.0,219.0,96,96,AGREE_COGNATE
this,Uyghur,Yakut,219.0,219.0,96,96,AGREE_COGNATE
this,Uzbek,Yakut,219.0,219.0,96,96,AGREE_COGNATE
tree,Azerbaijani,Chuvash,221.0,222.0,872,872,DISAGREE_SV_ONLY
tree,Azerbaijani,Kazakh,221.0,223.0,872,872,DISAGREE_SV_ONLY
tree,Azerbaijani,Kyrgyz,221.0,224.0,872,872,DISAGREE_SV_ONLY
tree,Azerbaijani,Turkish,221.0,225.0,872,872,DISAGREE_SV_ONLY
tree,Azerbaijani,Turkmen,221.0,226.0,872,872,DISAGREE_SV_ONLY
tree,Azerbaijani,Uyghur,221.0,227.0,872,872,DISAGREE_SV_ONLY
tree,Azerbaijani,Yakut,221.0,229.0,872,872,DISAGREE_SV_ONLY
tree,Chuvash,Kazakh,222.0,223.0,872,872,DISAGREE_SV_ONLY
tree,Chuvash,Kyrgyz,222.0,224.0,872,872,DISAGREE_SV_ONLY
tree,Chuvash,Turkish,222.0,225.0,872,872,DISAGREE_SV_ONLY
tree,Chuvash,Turkmen,222.0,226.0,872,872,DISAGREE_SV_ONLY
tree,Chuvash,Uyghur,222.0,227.0,872,872,DISAGREE_SV_ONLY
tree,Chuvash,Yakut,222.0,229.0,872,872,DISAGREE_SV_ONLY
tree,Kazakh,Kyrgyz,223.0,224.0,872,872,DISAGREE_SV_ONLY
tree,Kazakh,Turkish,223.0,225.0,872,872,DISAGREE_SV_ONLY
tree,Kazakh,Turkmen,223.0,226.0,872,872,DISAGREE_SV_ONLY
tree,Kazakh,Uyghur,223.0,227.0,872,872,DISAGREE_SV_ONLY
tree,Kazakh,Yakut,223.0,229.0,872,872,DISAGREE_SV_ONLY
tree,Kyrgyz,Turkish,224.0,225.0,872,872,DISAGREE_SV_ONLY
tree,Kyrgyz,Turkmen,224.0,226.0,872,872,DISAGREE_SV_ONLY
tree,Kyrgyz,Uyghur,224.0,227.0,872,872,DISAGREE_SV_ONLY
tree,Kyrgyz,Yakut,224.0,229.0,872,872,DISAGREE_SV_ONLY
tree,Turkish,Turkmen,225.0,226.0,872,872,DISAGREE_SV_ONLY
tree,Turkish,Uyghur,225.0,227.0,872,872,DISAGREE_SV_ONLY
tree,Turkish,Yakut,225.0,229.0,872,872,DISAGREE_SV_ONLY
tree,Turkmen,Uyghur,226.0,227.0,872,872,DISAGREE_SV_ONLY
tree,Turkmen,Yakut,226.0,229.0,872,872,DISAGREE_SV_ONLY
tree,Uyghur,Yakut,227.0,229.0,872,872,DISAGREE_SV_ONLY
two,Azerbaijani,Chuvash,230.0,230.0,348,348,AGREE_COGNATE
two,Azerbaijani,Kazakh,230.0,230.0,348,348,AGREE_COGNATE
two,Azerbaijani,Kyrgyz,230.0,230.0,348,348,AGREE_COGNATE
two,Azerbaijani,Turkish,230.0,230.0,348,348,AGREE_COGNATE
two,Azerbaijani,Turkmen,230.0,230.0,348,348,AGREE_COGNATE
two,Azerbaijani,Uyghur,230.0,230.0,348,348,AGREE_COGNATE
two,Azerbaijani,Uzbek,230.0,230.0,348,348,AGREE_COGNATE
two,Azerbaijani,Yakut,230.0,230.0,348,348,AGREE_COGNATE
two,Chuvash,Kazakh,230.0,230.0,348,348,AGREE_COGNATE
two,Chuvash,Kyrgyz,230.0,230.0,348,348,AGREE_COGNATE
two,Chuvash,Turkish,230.0,230.0,348,348,AGREE_COGNATE
two,Chuvash,Turkmen,230.0,230.0,348,348,AGREE_COGNATE
two,Chuvash,Uyghur,230.0,230.0,348,348,AGREE_COGNATE
two,Chuvash,Uzbek,230.0,230.0,348,348,AGREE_COGNATE
two,Chuvash,Yakut,230.0,230.0,348,348,AGREE_COGNATE
two,Kazakh,Kyrgyz,230.0,230.0,348,348,AGREE_COGNATE
two,Kazakh,Turkish,230.0,230.0,348,348,AGREE_COGNATE
two,Kazakh,Turkmen,230.0,230.0,348,348,AGREE_COGNATE
two,Kazakh,Uyghur,230.0,230.0,348,348,AGREE_COGNATE
two,Kazakh,Uzbek,230.0,230.0,348,348,AGREE_COGNATE
two,Kazakh,Yakut,230.0,230.0,348,348,AGREE_COGNATE
two,Kyrgyz,Turkish,230.0,230.0,348,348,AGREE_COGNATE
two,Kyrgyz,Turkmen,230.0,230.0,348,348,AGREE_COGNATE
two,Kyrgyz,Uyghur,230.0,230.0,348,348,AGREE_COGNATE
two,Kyrgyz,Uzbek,230.0,230.0,348,348,AGREE_COGNATE
two,Kyrgyz,Yakut,230.0,230.0,348,348,AGREE_COGNATE
two,Turkish,Turkmen,230.0,230.0,348,348,AGREE_COGNATE
two,Turkish,Uyghur,230.0,230.0,348,348,AGREE_COGNATE
two,Turkish,Uzbek,230.0,230.0,348,348,AGREE_COGNATE
two,Turkish,Yakut,230.0,230.0,348,348,AGREE_COGNATE
two,Turkmen,Uyghur,230.0,230.0,348,348,AGREE_COGNATE
two,Turkmen,Uzbek,230.0,230.0,348,348,AGREE_COGNATE
two,Turkmen,Yakut,230.0,230.0,348,348,AGREE_COGNATE
two,Uyghur,Uzbek,230.0,230.0,348,348,AGREE_COGNATE
two,Uyghur,Yakut,230.0,230.0,348,348,AGREE_COGNATE
two,Uzbek,Yakut,230.0,230.0,348,348,AGREE_COGNATE
we,Azerbaijani,Chuvash,231.0,232.0,535,382,AGREE_NON
we,Azerbaijani,Kazakh,231.0,231.0,535,533,DISAGREE_LS_ONLY
we,Azerbaijani,Kyrgyz,231.0,231.0,535,533,DISAGREE_LS_ONLY
we,Azerbaijani,Turkish,231.0,231.0,535,533,DISAGREE_LS_ONLY
we,Azerbaijani,Turkmen,231.0,231.0,535,534,DISAGREE_LS_ONLY
we,Azerbaijani,Uyghur,231.0,231.0,535,534,DISAGREE_LS_ONLY
we,Azerbaijani,Uzbek,231.0,231.0,535,534,DISAGREE_LS_ONLY
we,Azerbaijani,Yakut,231.0,239.0,535,536,AGREE_NON
we,Chuvash,Kazakh,232.0,231.0,382,533,AGREE_NON
we,Chuvash,Kyrgyz,232.0,231.0,382,533,AGREE_NON
we,Chuvash,Turkish,232.0,231.0,382,533,AGREE_NON
we,Chuvash,Turkmen,232.0,231.0,382,534,AGREE_NON
we,Chuvash,Uyghur,232.0,231.0,382,534,AGREE_NON
we,Chuvash,Uzbek,232.0,231.0,382,534,AGREE_NON
we,Chuvash,Yakut,232.0,239.0,382,536,AGREE_NON
we,Kazakh,Kyrgyz,231.0,231.0,533,533,AGREE_COGNATE
we,Kazakh,Turkish,231.0,231.0,533,533,AGREE_COGNATE
we,Kazakh,Turkmen,231.0,231.0,533,534,DISAGREE_LS_ONLY
we,Kazakh,Uyghur,231.0,231.0,533,534,DISAGREE_LS_ONLY
we,Kazakh,Uzbek,231.0,231.0,533,534,DISAGREE_LS_ONLY
we,Kazakh,Yakut,231.0,239.0,533,536,AGREE_NON
we,Kyrgyz,Turkish,231.0,231.0,533,533,AGREE_COGNATE
we,Kyrgyz,Turkmen,231.0,231.0,533,534,DISAGREE_LS_ONLY
we,Kyrgyz,Uyghur,231.0,231.0,533,534,DISAGREE_LS_ONLY
we,Kyrgyz,Uzbek,231.0,231.0,533,534,DISAGREE_LS_ONLY
we,Kyrgyz,Yakut,231.0,239.0,533,536,AGREE_NON
we,Turkish,Turkmen,231.0,231.0,533,534,DISAGREE_LS_ONLY
we,Turkish,Uyghur,231.0,231.0,533,534,DISAGREE_LS_ONLY
we,Turkish,Uzbek,231.0,231.0,533,534,DISAGREE_LS_ONLY
we,Turkish,Yakut,231.0,239.0,533,536,AGREE_NON
we,Turkmen,Uyghur,231.0,231.0,534,534,AGREE_COGNATE
we,Turkmen,Uzbek,231.0,231.0,534,534,AGREE_COGNATE
we,Turkmen,Yakut,231.0,239.0,534,536,AGREE_NON
we,Uyghur,Uzbek,231.0,231.0,534,534,AGREE_COGNATE
we,Uyghur,Yakut,231.0,239.0,534,536,AGREE_NON
we,Uzbek,Yakut,231.0,239.0,534,536,AGREE_NON
what,Azerbaijani,Chuvash,240.0,241.0,129,129,DISAGREE_SV_ONLY
what,Azerbaijani,Kazakh,240.0,240.0,129,129,AGREE_COGNATE
what,Azerbaijani,Kyrgyz,240.0,243.0,129,129,DISAGREE_SV_ONLY
what,Azerbaijani,Turkish,240.0,240.0,129,129,AGREE_COGNATE
what,Azerbaijani,Turkmen,240.0,240.0,129,129,AGREE_COGNATE
what,Azerbaijani,Uyghur,240.0,243.0,129,129,DISAGREE_SV_ONLY
what,Azerbaijani,Uzbek,240.0,247.0,129,129,DISAGREE_SV_ONLY
what,Azerbaijani,Yakut,240.0,248.0,129,129,DISAGREE_SV_ONLY
what,Chuvash,Kazakh,241.0,240.0,129,129,DISAGREE_SV_ONLY
what,Chuvash,Kyrgyz,241.0,243.0,129,129,DISAGREE_SV_ONLY
what,Chuvash,Turkish,241.0,240.0,129,129,DISAGREE_SV_ONLY
what,Chuvash,Turkmen,241.0,240.0,129,129,DISAGREE_SV_ONLY
what,Chuvash,Uyghur,241.0,243.0,129,129,DISAGREE_SV_ONLY
what,Chuvash,Uzbek,241.0,247.0,129,129,DISAGREE_SV_ONLY
what,Chuvash,Yakut,241.0,248.0,129,129,DISAGREE_SV_ONLY
what,Kazakh,Kyrgyz,240.0,243.0,129,129,DISAGREE_SV_ONLY
what,Kazakh,Turkish,240.0,240.0,129,129,AGREE_COGNATE
what,Kazakh,Turkmen,240.0,240.0,129,129,AGREE_COGNATE
what,Kazakh,Uyghur,240.0,243.0,129,129,DISAGREE_SV_ONLY
what,Kazakh,Uzbek,240.0,247.0,129,129,DISAGREE_SV_ONLY
what,Kazakh,Yakut,240.0,248.0,129,129,DISAGREE_SV_ONLY
what,Kyrgyz,Turkish,243.0,240.0,129,129,DISAGREE_SV_ONLY
what,Kyrgyz,Turkmen,243.0,240.0,129,129,DISAGREE_SV_ONLY
what,Kyrgyz,Uyghur,243.0,243.0,129,129,AGREE_COGNATE
what,Kyrgyz,Uzbek,243.0,247.0,129,129,DISAGREE_SV_ONLY
what,Kyrgyz,Yakut,243.0,248.0,129,129,DISAGREE_SV_ONLY
what,Turkish,Turkmen,240.0,240.0,129,129,AGREE_COGNATE
what,Turkish,Uyghur,240.0,243.0,129,129,DISAGREE_SV_ONLY
what,Turkish,Uzbek,240.0,247.0,129,129,DISAGREE_SV_ONLY
what,Turkish,Yakut,240.0,248.0,129,129,DISAGREE_SV_ONLY
what,Turkmen,Uyghur,240.0,243.0,129,129,DISAGREE_SV_ONLY
what,Turkmen,Uzbek,240.0,247.0,129,129,DISAGREE_SV_ONLY
what,Turkmen,Yakut,240.0,248.0,129,129,DISAGREE_SV_ONLY
what,Uyghur,Uzbek,243.0,247.0,129,129,DISAGREE_SV_ONLY
what,Uyghur,Yakut,243.0,248.0,129,129,DISAGREE_SV_ONLY
what,Uzbek,Yakut,247.0,248.0,129,129,DISAGREE_SV_ONLY
who,Azerbaijani,Chuvash,249.0,250.0,81,81,DISAGREE_SV_ONLY
who,Azerbaijani,Kazakh,249.0,251.0,81,81,DISAGREE_SV_ONLY
who,Azerbaijani,Kyrgyz,249.0,252.0,81,81,DISAGREE_SV_ONLY
who,Azerbaijani,Turkish,249.0,253.0,81,81,DISAGREE_SV_ONLY
who,Azerbaijani,Turkmen,249.0,254.0,81,81,DISAGREE_SV_ONLY
who,Azerbaijani,Uyghur,249.0,255.0,81,81,DISAGREE_SV_ONLY
who,Azerbaijani,Uzbek,249.0,256.0,81,81,DISAGREE_SV_ONLY
who,Azerbaijani,Yakut,249.0,257.0,81,81,DISAGREE_SV_ONLY
who,Chuvash,Kazakh,250.0,251.0,81,81,DISAGREE_SV_ONLY
who,Chuvash,Kyrgyz,250.0,252.0,81,81,DISAGREE_SV_ONLY
who,Chuvash,Turkish,250.0,253.0,81,81,DISAGREE_SV_ONLY
who,Chuvash,Turkmen,250.0,254.0,81,81,DISAGREE_SV_ONLY
who,Chuvash,Uyghur,250.0,255.0,81,81,DISAGREE_SV_ONLY
who,Chuvash,Uzbek,250.0,256.0,81,81,DISAGREE_SV_ONLY
who,Chuvash,Yakut,250.0,257.0,81,81,DISAGREE_SV_ONLY
who,Kazakh,Kyrgyz,251.0,252.0,81,81,DISAGREE_SV_ONLY
who,Kazakh,Turkish,251.0,253.0,81,81,DISAGREE_SV_ONLY
who,Kazakh,Turkmen,251.0,254.0,81,81,DISAGREE_SV_ONLY
who,Kazakh,Uyghur,251.0,255.0,81,81,DISAGREE_SV_ONLY
who,Kazakh,Uzbek,251.0,256.0,81,81,DISAGREE_SV_ONLY
who,Kazakh,Yakut,251.0,257.0,81,81,DISAGREE_SV_ONLY
who,Kyrgyz,Turkish,252.0,253.0,81,81,DISAGREE_SV_ONLY
who,Kyrgyz,Turkmen,252.0,254.0,81,81,DISAGREE_SV_ONLY
who,Kyrgyz,Uyghur,252.0,255.0,81,81,DISAGREE_SV_ONLY
who,Kyrgyz,Uzbek,252.0,256.0,81,81,DISAGREE_SV_ONLY
who,Kyrgyz,Yakut,252.0,257.0,81,81,DISAGREE_SV_ONLY
who,Turkish,Turkmen,253.0,254.0,81,81,DISAGREE_SV_ONLY
who,Turkish,Uyghur,253.0,255.0,81,81,DISAGREE_SV_ONLY
who,Turkish,Uzbek,253.0,256.0,81,81,DISAGREE_SV_ONLY
who,Turkish,Yakut,253.0,257.0,81,81,DISAGREE_SV_ONLY
who,Turkmen,Uyghur,254.0,255.0,81,81,DISAGREE_SV_ONLY
who,Turkmen,Uzbek,254.0,256.0,81,81,DISAGREE_SV_ONLY
who,Turkmen,Yakut,254.0,257.0,81,81,DISAGREE_SV_ONLY
who,Uyghur,Uzbek,255.0,256.0,81,81,DISAGREE_SV_ONLY
who,Uyghur,Yakut,255.0,257.0,81,81,DISAGREE_SV_ONLY
who,Uzbek,Yakut,256.0,257.0,81,81,DISAGREE_SV_ONLY
woman,Azerbaijani,Chuvash,258.0,259.0,589,592,AGREE_NON
woman,Azerbaijani,Turkish,258.0,258.0,589,589,AGREE_COGNATE
woman,Azerbaijani,Uzbek,258.0,262.0,589,593,AGREE_NON
woman,Chuvash,Turkish,259.0,258.0,592,589,AGREE_NON
woman,Chuvash,Uzbek,259.0,262.0,592,593,AGREE_NON
woman,Turkish,Uzbek,258.0,262.0,589,593,AGREE_NON
