language,gloss,form,ipa_tokens,cogid,is_loan,reason
Uzbek,I,tirn…Ēq,t i r n …Ē q,31,False,
Uzbek,we,biz,b i z,891,False,
Uzbek,you_2sg,sizlar,s i z l a r,16,False,
Uzbek,bird,qu É,q u  É,275,False,
Uzbek,blood,q…Ēn,q …Ē n,13,False,
Uzbek,bone,sujak,s u j a k,14,False,
Uzbek,dog,it,i t,249,False,
Uzbek,ear,qul…Ēq,q u l …Ē q,50,False,
Uzbek,feather,je,j e,100085,False,
Uzbek,eye,koz,k o z,245,False,
Uzbek,all,jiqil,j i q i l,100017,False,
Uzbek,grease,j…Ē…£,j …Ē …£,694,False,
Uzbek,fish,baliq,b a l i q,98,False,
Uzbek,hair,s…Ē ®,s …Ē t…ē,74,False,
Uzbek,head,b…Ē É,b …Ē  É,421,False,
Uzbek,long,uzun,u z u n,217,False,
Uzbek,louse,bit,b i t,34,False,
Uzbek,man,erkak (ki Éi),e r k a k k i  É i,335,False,
Uzbek,many,kop,k o p,521,False,
Uzbek,not,mi Éi(ri)q,m i  É i q,148,False,
Uzbek,one,bir,b i r,80,False,
Uzbek,person,ki Éi,k i  É i,770,False,
Uzbek,root,ildiz,i l d i z,19,False,
Uzbek,seed,kor,k o r,799,False,
Uzbek,skin,teri,t e r i,182,False,
Uzbek,small,ki ®kina,k i t…ē k i n a,280,False,
Uzbek,that,o( Éa),o,557,False,
Uzbek,this,bu,b u,96,False,
Uzbek,two,ikki,i kňź i,348,False,
Uzbek,what,nima,n i m a,129,False,
Uzbek,who,kim,k i m,81,False,
Uzbek,woman,Ōá…Ētin (ki Éi),Ōá …Ē t i n,589,True,explicit_known_loan
Uzbek,tree,daraŌát,d a r a Ōá t,100228,True,explicit_known_loan
Uzbek,bark,q…íbiq,q …í b i q,100025,False,
Uzbek,leaf,bar…°,b a r g,100134,False,
Uzbek,horn,mu…°iz,m u g i z,100126,False,
Uzbek,tail,qujruq,q u j r u q,100209,False,
Uzbek,egg,tuŌáum,t u Ōá u m,100074,True,explicit_known_loan
Uzbek,flesh,…°o Ét,g o  É t,100104,True,explicit_known_loan
Uzbek,big,bujuk,b u j u k,100030,False,
Uzbek,nose,burun,b u r u n,,False,
Uzbek,mouth,…í…£iz,…í …£ i z,,False,
Uzbek,tooth,ti É,t i  É,,False,
Uzbek,tongue,til,t i l,,False,
Uzbek,lip,dud…íq,d u d …í q,,False,
Uzbek,cheek,b…õt,b …õ t,,False,
Uzbek,face,juz,j u z,,False,
Uzbek,forehead,maŇčlaj,m a Ňč l a j,,False,
Uzbek,moustache,mojl…íw,m o j l …í w,,False,
Uzbek,beard,s…íq…íl,s …í q …í l,,False,
Uzbek,chin,√¶Ňčak,√¶ Ňč a k,,False,
Uzbek,jaw,ijak,i j a k,,False,
Uzbek,throat,bo…£iz,b o …£ i z,,False,
Uzbek,neck,bojin,b o j i n,,False,
Uzbek,nape,…°ardan,g a r d a n,,False,
Uzbek,back,…írqa,…í r q a,,False,
Uzbek,belly,q…írin,q …í r i n,,False,
Uzbek,navel,kindik,k i n d i k,,False,
Uzbek,bosom,√¶mtÕ° Éak,√¶ m t É a k,,False,
Uzbek,breast,kokrak,k o k r a k,,False,
Uzbek,shoulder,…õlka,…õ l k a,,False,
Uzbek,arm,bilak,b i l a k,,False,
Uzbek,elbow,tirsak,t i r s a k,,False,
Uzbek,hand,qol,q o l,,False,
Uzbek,palm,kaft,k a f t,,True,explicit_known_loan; phon_strong:ar_pe_f
Uzbek,finger,barm…íq,b a r m …í q,,False,
Uzbek,fingernail,tirn…íq,t i r n …í q,,False,
Uzbek,nail,tirn…íq,t i r n …í q,,False,
Uzbek,toe,…íj…íq_barm…í…£i,…í j …í q + b a r m …í …£ i,,False,
Uzbek,foot,…íj…íq,…í j …í q,,False,
Uzbek,heel,t…íw…ín,t …í w …í n,,False,
Uzbek,knee,tiz,t i z,,False,
Uzbek,thigh,s…ín,s …í n,,False,
Uzbek,leg,…íj…íq,…í j …í q,,False,
Uzbek,body,badna,b a d n a,,True,explicit_known_loan
Uzbek,vein,q…ín_t…ímir,q …í n + t …í m i r,,False,
Uzbek,sinew,t…ímir,t …í m i r,,False,
Uzbek,brain,mija,m i j a,,False,
Uzbek,heart,qalb,q a l b,,True,explicit_known_loan
Uzbek,stomach,…í Éq…íz…ín,…í  É q …í z …í n,,False,
Uzbek,liver,ba…£ir,b a …£ i r,,False,
Uzbek,breath,dam,d a m,,False,
Uzbek,hunger,…ítÕ° Élik,…í t É l i k,,False,
Uzbek,tear,j…í É,j …í  É,,False,
Uzbek,flavour,tam,t a m,,False,
Uzbek,odour,dÕ° íid,d í i d,,False,
Uzbek,sleep,ujqu,u j q u,,False,
Uzbek,dream,tu É,t u  É,,False,
Uzbek,sky,…ísm…ín,…í s m …í n,,False,
Uzbek,sun,quj…í É,q u j …í  É,,False,
Uzbek,moon,…íj,…í j,,False,
Uzbek,star,julduz,j u l d u z,,False,
Uzbek,air,haw…í,h a w …í,,True,explicit_known_loan; phon_strong:ar_pe_h
Uzbek,wind,…õl,…õ l,,False,
Uzbek,wave,tolqin,t o l q i n,,False,
Uzbek,water,suw,s u w,,False,
Uzbek,stone,t…í É,t …í  É,,False,
Uzbek,ground,tupr…íq,t u p r …í q,,False,
Uzbek,earth,…õr,…õ r,,False,
Uzbek,dust,tÕ° ÉaŇč,t É a Ňč,,False,
Uzbek,smoke,tutun,t u t u n,,False,
Uzbek,spark,jalt,j a l t,,False,
Uzbek,fire,ot,o t,,False,
Uzbek,light,j…íru…£,j …í r u …£,,False,
Uzbek,shadow,s…íja,s …í j a,,False,
Uzbek,weather,haw…í,h a w …í,,True,explicit_known_loan; phon_strong:ar_pe_h
Uzbek,fog,tuman,t u m a n,,False,
Uzbek,cloud,bulut,b u l u t,,False,
Uzbek,rain,j…ím…£ir,j …í m …£ i r,,False,
Uzbek,snow,q…ír,q …í r,,False,
Uzbek,ice,muz,m u z,,False,
Uzbek,frost,adÕ° í…íz,a d í …í z,,False,
Uzbek,chill,adÕ° í…íz,a d í …í z,,False,
Uzbek,heat,isňźiq,i sňź i q,,False,
Uzbek,hoarfrost,qir…íw,q i r …í w,,False,
Uzbek,rainbow,kamalak,k a m a l a k,,False,
Uzbek,thunder,…°uldur,g u l d u r,,False,
Uzbek,current,…íqim,…í q i m,,False,
Uzbek,drop,t…ímtÕ° Éi,t …í m t É i,,False,
Uzbek,foam,kopik,k o p i k,,False,
Uzbek,dirt,…°ard,g a r d,,False,
Uzbek,lake,kol,k o l,,False,
Uzbek,swamp,b…ítq…íq,b …í t q …í q,,False,
Uzbek,moor,qiradir,q i r a d i r,,False,
Uzbek,meadow,otz…ír,o t z …í r,,False,
Uzbek,forest,orm…ín,o r m …í n,,False,
Uzbek,hill,t…õpa,t …õ p a,,False,
Uzbek,elevation,adir,a d i r,,False,
Uzbek,mountain,t…í…£,t …í …£,,False,
Uzbek,summit,tÕ° Éoqňźi,t É o qňź i,,False,
Uzbek,cave,kawak,k a w a k,,False,
Uzbek,slope,to É,t o  É,,False,
Uzbek,source,bul…íq,b u l …í q,,False,
Uzbek,brook,ozan,o z a n,,False,
Uzbek,river,darj…í,d a r j …í,,False,
Uzbek,shore,s…íhil,s …í h i l,,True,phon_strong:ar_pe_h
Uzbek,coast,qir…£…íq,q i r …£ …í q,,False,
Uzbek,land,mat…õrik,m a t …õ r i k,,False,
Uzbek,sea,d…õŇčiz,d …õ Ňč i z,,False,
Uzbek,"cove, bay",qoltiq,q o l t i q,,False,
Uzbek,island,…ír…íl,…í r …í l,,False,
Uzbek,flower,…°ul,g u l,,False,
Uzbek,grass,sabza,s a b z a,,False,
Uzbek,trunk,osimta,o s i m t a,,False,
Uzbek,limb, É…íŌá, É …í Ōá,,False,
Uzbek,twig,but…íq,b u t …í q,,False,
Uzbek,birch,qajin,q a j i n,,False,
Uzbek,pine,qara…£aj,q a r a …£ a j,,False,
Uzbek,willow, Éum, É u m,,False,
Uzbek,fir,artÕ° Éa,a r t É a,,False,
Uzbek,fur,mojna,m o j n a,,False,
Uzbek,wing,qan…ít,q a n …í t,,False,
Uzbek,claw,tirn…íq,t i r n …í q,,False,
Uzbek,paw,tirn…íq,t i r n …í q,,False,
Uzbek,nest,…í Éj…ín,…í  É j …í n,,False,
Uzbek,lair,opq…ín,o p q …í n,,False,
Uzbek,animal,hajw…ín,h a j w …í n,,True,phon_strong:ar_pe_h
Uzbek,flock,…°ala,g a l a,,False,
Uzbek,cow,inak,i n a k,,False,
Uzbek,bull,hokiz,h o k i z,,True,phon_strong:ar_pe_h
Uzbek,horse,…ít,…í t,,False,
Uzbek,sheep,qoj,q o j,,False,
Uzbek,pig,tÕ° ÉotÕ° Éqa,t É o t É q a,,False,
Uzbek,cat,mu Éuk,m u  É u k,,False,
Uzbek,bear,ajiq,a j i q,,False,
Uzbek,squirrel,tijin,t i j i n,,False,
Uzbek,elk,l…ís,l …í s,,False,
Uzbek,fox,tulki,t u l k i,,False,
Uzbek,hare,kuj…ín,k u j …í n,,False,
Uzbek,mouse,sitÕ° Éq…ín,s i t É q …í n,,False,
Uzbek,wolf,bori,b o r i,,False,
Uzbek,swarm,toda,t o d a,,False,
Uzbek,chicken,t…íwuq,t …í w u q,,False,
Uzbek,cock,Ōáor…íz,Ōá o r …í z,,False,
Uzbek,goose,…£…íz,…£ …í z,,False,
Uzbek,eagle,bur…°ut,b u r g u t,,False,
Uzbek,duck,ordak,o r d a k,,False,
Uzbek,owl,b…íjo…£li,b …í j o …£ l i,,False,
Uzbek,crane,turna,t u r n a,,False,
Uzbek,crow,qar…£a,q a r …£ a,,False,
Uzbek,cuckoo,kakňźu,k a kňź u,,False,
Uzbek,swan,…íqku É,…í q k u  É,,False,
Uzbek,perch,…ílabu…£a,…í l a b u …£ a,,False,
Uzbek,pike,tÕ° Éortan,t É o r t a n,,False,
Uzbek,snake,il…ín,i l …í n,,False,
Uzbek,worm,qurt,q u r t,,False,
Uzbek,spider,or…°imtÕ° Éak,o r g i m t É a k,,False,
Uzbek,ant,tÕ° Éum…íli,t É u m …í l i,,False,
Uzbek,gnat,tÕ° Éiwin,t É i w i n,,False,
Uzbek,fly,pa É Éa,p a  É  É a,,False,
Uzbek,butterfly,kapalak,k a p a l a k,,False,
Uzbek,berry,m…õwa,m …õ w a,,False,
Uzbek,apple,…ílma,…í l m a,,False,
Uzbek,mushroom,qoziq…írin,q o z i q …í r i n,,False,
Uzbek,onion,pij…íz,p i j …í z,,False,
Uzbek,grain,zarňźa,z a rňź a,,False,
Uzbek,hay,Ōáa Éak,Ōá a  É a k,,False,
Uzbek,"peel, husk",potÕ° É…íq,p o t É …í q,,False,
Uzbek,pit,cora,c o r a,,False,
Uzbek,trap,q…ípq…ín,q …í p q …í n,,False,
Uzbek,noose,sirtm…íq,s i r t m …í q,,False,
Uzbek,track,iz,i z,,False,
Uzbek,ash,kul,k u l,,False,
Uzbek,filth,kir,k i r,,False,
Uzbek,iron,t…õmir,t …õ m i r,,False,
Uzbek,gold,tilňźa,t i lňź a,,False,
Uzbek,silver,kumu É,k u m u  É,,False,
Uzbek,coal,komir,k o m i r,,False,
Uzbek,glass,…íjna,…í j n a,,False,
Uzbek,clay,l…íj,l …í j,,False,
Uzbek,sand,qum,q u m,,False,
Uzbek,human,…ídam,…í d a m,,False,
Uzbek,child,b…íla,b …í l a,,False,
Uzbek,child,kitÕ° Ékint…íj,k i t É k i n t …í j,,False,
Uzbek,boy,b…íla,b …í l a,,False,
Uzbek,girl,qiz,q i z,,False,
Uzbek,family,…íila,…í i l a,,False,
Uzbek,grandfather,buwa,b u w a,,False,
Uzbek,grandfather,katňźa_…íta,k a tňź a + …í t a,,False,
Uzbek,grandmother,buwi,b u w i,,False,
Uzbek,grandmother,katňźa_…íji,k a tňź a + …í j i,,False,
Uzbek,parents,…íta…ína,…í t a …í n a,,False,
Uzbek,father,…íta,…í t a,,False,
Uzbek,mother,…ína,…í n a,,False,
Uzbek,son,o…£il,o …£ i l,,False,
Uzbek,daughter,qiz,q i z,,False,
Uzbek,brother,…í…£a,…í …£ a,,False,
Uzbek,brother,uka,u k a,,False,
Uzbek,sister,…ípa,…í p a,,False,
Uzbek,sister,siŇčil,s i Ňč i l,,False,
Uzbek,uncle,amaki,a m a k i,,False,
Uzbek,aunt,amňźa,a mňź a,,False,
Uzbek,aunt,Ōá…íla,Ōá …í l a,,False,
Uzbek,husband,√¶r,√¶ r,,False,
Uzbek,wife,rafiqa,r a f i q a,,True,phon_strong:ar_pe_f
Uzbek,joy,aji É,a j i  É,,False,
Uzbek,laughter,kul…°i,k u l g i,,False,
Uzbek,happiness,sa…ídat,s a …í d a t,,False,
Uzbek,grief,…£am,…£ a m,,False,
Uzbek,wish,…írzu,…í r z u,,False,
Uzbek,desire,ra…£bat,r a …£ b a t,,False,
Uzbek,spirit,ruh,r u h,,True,phon_strong:ar_pe_h
Uzbek,thought,fikr,f i k r,,True,phon_strong:ar_pe_f
Uzbek,memory,√¶s,√¶ s,,False,
Uzbek,mind,aql,a q l,,False,
Uzbek,meaning,ma Ēni,m a  Ē n i,,True,phon_strong:ar_glottal
Uzbek,reason,sabab,s a b a b,,False,
Uzbek,truth,haq,h a q,,True,phon_strong:ar_pe_h
Uzbek,talk,…°ap,g a p,,False,
Uzbek,fairy tale,√¶rtak,√¶ r t a k,,False,
Uzbek,story,riw…íjat,r i w …í j a t,,False,
Uzbek,message,Ōáabar,Ōá a b a r,,False,
Uzbek,news,jaŇčilik,j a Ňč i l i k,,False,
Uzbek,name,…ít,…í t,,False,
Uzbek,puzzle,t…ípi Ém…íq,t …í p i  É m …í q,,False,
Uzbek,speech,nutq,n u t q,,False,
Uzbek,language,til,t i l,,False,
Uzbek,voice,…íw…íz,…í w …í z,,False,
Uzbek,word,soz,s o z,,False,
Uzbek,sign,al…ímat,a l …í m a t,,False,
Uzbek,call,tÕ° Éaqiriq,t É a q i r i q,,False,
Uzbek,noise,taraq,t a r a q,,False,
Uzbek,sound,t…íwu É,t …í w u  É,,False,
Uzbek,tone,un,u n,,False,
Uzbek,song,a Éula,a  É u l a,,False,
Uzbek,calm,tintÕ° Élik,t i n t É l i k,,False,
Uzbek,people,Ōáal…íjiq,Ōá a l …í j i q,,False,
Uzbek,nation,Ōáalq,Ōá a l q,,False,
Uzbek,work,i É,i  É,,False,
Uzbek,guest,m…õhm…ín,m …õ h m …í n,,True,phon_strong:ar_pe_h
Uzbek,gift,hadja,h a d j a,,True,phon_strong:ar_pe_h
Uzbek,game,ojin,o j i n,,False,
Uzbek,company,dÕ° íamijat,d í a m i j a t,,True,phon_weak_2+:ar_final_at+pe_dj_initial+ar_iyat
Uzbek,help,j…írdam,j …í r d a m,,False,
Uzbek,friend,dost,d o s t,,False,
Uzbek,companion,jold…í É,j o l d …í  É,,False,
Uzbek,matter,daŌál,d a Ōá l,,False,
Uzbek,count,s…ín,s …í n,,False,
Uzbek,sort,tur,t u r,,False,
Uzbek,piece,partÕ° Éa,p a r t É a,,False,
Uzbek,part,bolak,b o l a k,,False,
Uzbek,half,jarim,j a r i m,,False,
Uzbek,circle,ajlana,a j l a n a,,False,
Uzbek,cross,Ōá…ítÕ° É,Ōá …í t É,,False,
Uzbek,line,linija,l i n i j a,,False,
Uzbek,stroke,tÕ° Éiziq,t É i z i q,,False,
Uzbek,gap,…íralik,…í r a l i k,,False,
Uzbek,distance,uz…íqlik,u z …í q l i k,,False,
Uzbek,area,j…õr,j …õ r,,False,
Uzbek,space,…írali…°,…í r a l i g,,False,
Uzbek,place,dÕ° í…íj,d í …í j,,False,
Uzbek,side,j…ín,j …í n,,False,
Uzbek,middle,orta,o r t a,,False,
Uzbek,item,a Éj…í,a  É j …í,,False,
Uzbek,thing,bujum,b u j u m,,False,
Uzbek,fringe,tÕ° É…õk,t É …õ k,,False,
Uzbek,edge,ti…£,t i …£,,False,
Uzbek,corner,burtÕ° Éak,b u r t É a k,,False,
Uzbek,tip,utÕ° É,u t É,,False,
Uzbek,end,…íŌáir,…í Ōá i r,,False,
Uzbek,hole,t…õ Éik,t …õ  É i k,,False,
Uzbek,angle,…°o Éa,g o  É a,,False,
Uzbek,pattern,nu Éa,n u  É a,,False,
Uzbek,size,katňźalik,k a tňź a l i k,,False,
Uzbek,length,uzunlik,u z u n l i k,,False,
Uzbek,height,juksaklik,j u k s a k l i k,,False,
Uzbek,weight,s…ílm…íq,s …í l m …í q,,False,
Uzbek,amount,miqd…ír,m i q d …í r,,False,
Uzbek,heap,ujum,u j u m,,False,
Uzbek,row,saf,s a f,,True,phon_strong:ar_pe_f
Uzbek,boat,qajiq,q a j i q,,False,
Uzbek,oar,√¶ Ékak,√¶  É k a k,,False,
Uzbek,sleigh,tÕ° Éana,t É a n a,,False,
Uzbek,ski,tÕ° ÉaŇč Ēi,t É a Ňč  Ē i,,True,phon_strong:ar_glottal
Uzbek,campfire,…°ulŌáan,g u l Ōá a n,,False,
Uzbek,load,juk,j u k,,False,
Uzbek,walk,juri É,j u r i  É,,False,
Uzbek,step,qadam,q a d a m,,False,
Uzbek,north, Éim…íl, É i m …í l,,False,
Uzbek,south,dÕ° íanub,d í a n u b,,False,
Uzbek,west,…£arb,…£ a r b,,False,
Uzbek,east, Éarq, É a r q,,False,
Uzbek,wood,j…í…£…ítÕ° É,j …í …£ …í t É,,False,
Uzbek,board,taŌáta,t a Ōá t a,,False,
Uzbek,slab,tabaqa,t a b a q a,,False,
Uzbek,"support, rest",tajantÕ° Éi,t a j a n t É i,,False,
Uzbek,pole,qon…íq,q o n …í q,,False,
Uzbek,stick,taj…íq,t a j …í q,,False,
Uzbek,staff,…°awr…ín,g a w r …í n,,False,
Uzbek,pipe,tarn…íw,t a r n …í w,,False,
Uzbek,house,uj,u j,,False,
Uzbek,home,mak…ín,m a k …í n,,False,
Uzbek,stove,p…õtÕ° Éka,p …õ t É k a,,False,
Uzbek,floor,p…íl,p …í l,,False,
Uzbek,table,m…ísa,m …í s a,,False,
Uzbek,chair,orindiq,o r i n d i q,,False,
Uzbek,cradle,b…õ Éik,b …õ  É i k,,False,
Uzbek,bed,j…ít…íq,j …í t …í q,,False,
Uzbek,shelf,t…íktÕ° Éa,t …í k t É a,,False,
Uzbek,box,sandiq,s a n d i q,,False,
Uzbek,window,d…õraza,d …õ r a z a,,False,
Uzbek,door,√¶ Éik,√¶  É i k,,False,
Uzbek,gate,darw…íza,d a r w …í z a,,False,
Uzbek,fence,pandÕ° íara,p a n d í a r a,,False,
Uzbek,roof,t…ím,t …í m,,False,
Uzbek,ladder,narw…ín,n a r w …í n,,False,
Uzbek,broom,supur…°i,s u p u r g i,,False,
Uzbek,spade,b…õl,b …õ l,,False,
Uzbek,shovel,kurak,k u r a k,,False,
Uzbek,fork,bilka,b i l k a,,False,
Uzbek,spoon,q…í Éiq,q …í  É i q,,False,
Uzbek,knife,pitÕ° É…íq,p i t É …í q,,False,
Uzbek,nail,miŌá,m i Ōá,,False,
Uzbek,net,tor,t o r,,False,
Uzbek,hook,il…°ak,i l g a k,,False,
Uzbek,handle,s…íp,s …í p,,False,
Uzbek,handle,tutqitÕ° É,t u t q i t É,,False,
Uzbek,lock,qulf,q u l f,,True,phon_strong:ar_pe_f
Uzbek,picture,rasm,r a s m,,False,
Uzbek,figure, Éakl, É a k l,,False,
Uzbek,doll,ko…£irtÕ° É…íq,k o …£ i r t É …í q,,False,
Uzbek,pouch,torwa,t o r w a,,False,
Uzbek,bundle,b…í…£lam,b …í …£ l a m,,False,
Uzbek,bag,kisňźa,k i sňź a,,False,
Uzbek,bucket,tÕ° É…õlak,t É …õ l a k,,False,
Uzbek,"cover, lid",q…ípq…íq,q …í p q …í q,,False,
Uzbek,dishes,idi É,i d i  É,,False,
Uzbek,sack,q…íp,q …í p,,False,
Uzbek,cup,pij…íla,p i j …í l a,,False,
Uzbek,pot,tuwak,t u w a k,,False,
Uzbek,kettle,q…íz…ín,q …í z …í n,,False,
Uzbek,meal,t…ím…íq,t …í m …í q,,False,
Uzbek,food,…õmak,…õ m a k,,False,
Uzbek,dish,ta…ím,t a …í m,,False,
Uzbek,meat,…°o Ét,g o  É t,,False,
Uzbek,corn,…£alňźa,…£ a lňź a,,False,
Uzbek,mush,botqa,b o t q a,,False,
Uzbek,bread,n…ín,n …í n,,False,
Uzbek,slice,disk,d i s k,,False,
Uzbek,fat,m…íj,m …í j,,False,
Uzbek,butter,j…í…£,j …í …£,,False,
Uzbek,oil,m…íj,m …í j,,False,
Uzbek,salt,tuz,t u z,,False,
Uzbek,soup, Éorwa, É o r w a,,False,
Uzbek,honey,asal,a s a l,,False,
Uzbek,milk,sut,s u t,,False,
Uzbek,tea,tÕ° É…íj,t É …í j,,False,
Uzbek,leather,tÕ° Éarm,t É a r m,,False,
Uzbek,wool,dÕ° íun,d í u n,,False,
Uzbek,cloth,mat…í,m a t …í,,False,
Uzbek,needle,i…°na,i g n a,,False,
Uzbek,thread,ip,i p,,False,
Uzbek,button,tu…°ma,t u g m a,,False,
Uzbek,knot,tu…°un,t u g u n,,False,
Uzbek,paint,boj…ík,b o j …í k,,False,
Uzbek,clothes,kijim,k i j i m,,False,
Uzbek,shirt,kojlak,k o j l a k,,False,
Uzbek,collar,j…íqa,j …í q a,,False,
Uzbek,sleeve,j…õŇč,j …õ Ňč,,False,
Uzbek,trousers, Éim, É i m,,False,
Uzbek,belt,tasma,t a s m a,,False,
Uzbek,cap, Éapka, É a p k a,,False,
Uzbek,shoe,but,b u t,,False,
Uzbek,boot,b…ítinka,b …í t i n k a,,False,
Uzbek,ring,juzuk,j u z u k,,False,
Uzbek,ribbon,ri Éta,r i  É t a,,False,
Uzbek,comb,tar…íq,t a r …í q,,False,
Uzbek,mirror,koz…°u,k o z g u,,False,
Uzbek,strap,qaji É,q a j i  É,,False,
Uzbek,string,b…í…£itÕ° É,b …í …£ i t É,,False,
Uzbek,leash,…õtak,…õ t a k,,False,
Uzbek,blanket,…ídj…íl,…í d j …í l,,False,
Uzbek,pillow,j…ístiq,j …í s t i q,,False,
Uzbek,scarf,…°azlama,g a z l a m a,,False,
Uzbek,towel,s…ítÕ° Éiq,s …í t É i q,,False,
Uzbek,force,kutÕ° É,k u t É,,False,
Uzbek,strength,quwňźat,q u wňź a t,,False,
Uzbek,health,s…í…£lik,s …í …£ l i k,,False,
Uzbek,illness,kasalňźik,k a s a lňź i k,,False,
Uzbek,pain,…í…£riq,…í …£ r i q,,False,
Uzbek,wound,jara,j a r a,,False,
Uzbek,fever,b…õz…°ak,b …õ z g a k,,False,
Uzbek,medicine,d…íri,d …í r i,,False,
Uzbek,bridge,koprik,k o p r i k,,False,
Uzbek,well,bul…íq,b u l …í q,,False,
Uzbek,pasture,jajl…íw,j a j l …í w,,False,
Uzbek,path,d…ír…ídÕ° íka,d …í r …í d í k a,,False,
Uzbek,way,jol,j o l,,False,
Uzbek,road,kotÕ° Éa,k o t É a,,False,
Uzbek,village,…íwul,…í w u l,,False,
Uzbek,town, Éahar, É a h a r,,True,phon_strong:ar_pe_h
Uzbek,letter,maktub,m a k t u b,,False,
Uzbek,book,kit…íb,k i t …í b,,False,
Uzbek,character,harf,h a r f,,True,phon_strong:ar_pe_f+ar_pe_h
Uzbek,newspaper,…°az…õt,g a z …õ t,,False,
Uzbek,life,haj…ít,h a j …í t,,True,phon_strong:ar_pe_h
Uzbek,death,olim,o l i m,,False,
Uzbek,grave,…°or,g o r,,False,
Uzbek,church,tÕ° É…õrk…íw,t É …õ r k …í w,,False,
Uzbek,sin,…°un…íh,g u n …í h,,True,phon_strong:ar_pe_h
Uzbek,god,…ílňź…íh,…í lňź …í h,,True,phon_strong:ar_pe_h
Uzbek,worker,i ÉtÕ° Éi,i  É t É i,,False,
Uzbek,boss,rais,r a i s,,False,
Uzbek,master,usta,u s t a,,False,
Uzbek,doctor,hakim,h a k i m,,True,phon_strong:ar_pe_h
Uzbek,teacher,mualňźim,m ua lňź i m,,False,
Uzbek,money,pul,p u l,,False,
Uzbek,business,sawd…í,s a w d …í,,False,
Uzbek,shop,dok…ín,d o k …í n,,False,
Uzbek,price,bah…í,b a h …í,,True,phon_strong:ar_pe_h
Uzbek,ware,m…íl,m …í l,,False,
Uzbek,benefit,f…íjda,f …í j d a,,True,phon_strong:ar_pe_f
Uzbek,wealth,b…íjlik,b …í j l i k,,False,
Uzbek,world,…ílam,…í l a m,,False,
Uzbek,country,olka,o l k a,,False,
Uzbek,state,dawlat,d a w l a t,,False,
Uzbek,king,qir…íl,q i r …í l,,False,
Uzbek,power,iqtid…ír,i q t i d …í r,,False,
Uzbek,border,tÕ° É…õ…°ara,t É …õ g a r a,,False,
Uzbek,war,harb,h a r b,,True,phon_strong:ar_pe_h
Uzbek,enemy,du Éman,d u  É m a n,,False,
Uzbek,violence,zorlik,z o r l i k,,False,
Uzbek,fight,kura É,k u r a  É,,False,
Uzbek,bow,j…íj,j …í j,,False,
Uzbek,arrow,oq,o q,,False,
Uzbek,gun,wint…íwka,w i n t …í w k a,,False,
Uzbek,mistake,Ōáat…í,Ōá a t …í,,False,
Uzbek,lie,j…íl…£…ín,j …í l …£ …í n,,False,
Uzbek,damage,zij…ín,z i j …í n,,False,
Uzbek,misfortune,bal…í,b a l …í,,False,
Uzbek,fault,ajb,a j b,,False,
Uzbek,age,j…í É,j …í  É,,False,
Uzbek,end,tam…ím,t a m …í m,,False,
Uzbek,time,waqt,w a q t,,True,explicit_known_loan
Uzbek,day,kun,k u n,,False,
Uzbek,morning,sab…íh,s a b …í h,,True,phon_strong:ar_pe_h
Uzbek,noon,kun_tu Élik,k u n + t u  É l i k,,False,
Uzbek,evening,…íq É…ím,…í q  É …í m,,False,
Uzbek,night,tun,t u n,,False,
Uzbek,week,hafta,h a f t a,,True,phon_strong:ar_pe_f+ar_pe_h
Uzbek,month,…íj,…í j,,False,
Uzbek,year,jil,j i l,,False,
Uzbek,spring,bah…ír,b a h …í r,,True,phon_strong:ar_pe_h
Uzbek,summer,j…íz,j …í z,,False,
Uzbek,autumn,kuz,k u z,,False,
Uzbek,autumn,Ōáaz…ín,Ōá a z …í n,,False,
Uzbek,winter,qi É,q i  É,,False,
Uzbek,little,kitÕ° Éik,k i t É i k,,False,
Uzbek,short,qisqa,q i s q a,,False,
Uzbek,wide,k…õŇč,k …õ Ňč,,False,
Uzbek,narrow,√¶nsiz,√¶ n s i z,,False,
Uzbek,dense,qujuq,q u j u q,,False,
Uzbek,thick,qalin,q a l i n,,False,
Uzbek,thin,iŇčitÕ° Éka,i Ňč i t É k a,,False,
Uzbek,"delicate, fine",majin,m a j i n,,False,
Uzbek,"firm, solid",qatňźiq,q a tňź i q,,False,
Uzbek,flat,jalp…íq,j a l p …í q,,False,
Uzbek,smooth,t…õkis,t …õ k i s,,False,
Uzbek,hard,qatňźiq,q a tňź i q,,False,
Uzbek,soft,jum É…íq,j u m  É …í q,,False,
Uzbek,round,jumal…íq,j u m a l …í q,,False,
Uzbek,pointed,utÕ° Éli,u t É l i,,False,
Uzbek,sharp,k…õskir,k …õ s k i r,,False,
Uzbek,blunt,tomt…íq,t o m t …í q,,False,
Uzbek,heavy,salm…íqli,s a l m …í q l i,,False,
Uzbek,beautiful,…°ozal,g o z a l,,False,
Uzbek,hot,qiziq,q i z i q,,False,
Uzbek,warm,isňźiq,i sňź i q,,False,
Uzbek,cold,s…íwuq,s …í w u q,,False,
Uzbek,cool,salqin,s a l q i n,,False,
Uzbek,fresh,t…íza,t …í z a,,False,
Uzbek,damp,namli,n a m l i,,False,
Uzbek,wet,nam,n a m,,False,
Uzbek,dry,quruq,q u r u q,,False,
Uzbek,full,tola,t o l a,,False,
Uzbek,empty,putÕ° É,p u t É,,False,
Uzbek,open,…ítÕ° Éiq,…í t É i q,,False,
Uzbek,closed,b…õrk,b …õ r k,,False,
Uzbek,clean,…íz…ída,…í z …í d a,,False,
Uzbek,dirty,kir,k i r,,False,
Uzbek,raw,Ōá…ím,Ōá …í m,,False,
Uzbek,ripe,pi Éiq,p i  É i q,,False,
Uzbek,delicious, Éirin, É i r i n,,False,
Uzbek,sweet, Éirin, É i r i n,,False,
Uzbek,bitter,atÕ° ÉtÕ° Éiq,a t É t É i q,,False,
Uzbek,sour,atÕ° ÉtÕ° Éiq,a t É t É i q,,False,
Uzbek,bright,j…íru…£,j …í r u …£,,False,
Uzbek,dark,q…ír…íŇč Ēi,q …í r …í Ňč  Ē i,,True,phon_strong:ar_glottal
Uzbek,black,q…íra,q …í r a,,False,
Uzbek,white,…íq,…í q,,False,
Uzbek,red,qizil,q i z i l,,False,
Uzbek,yellow,sariq,s a r i q,,False,
Uzbek,blue,zaŇč…íri,z a Ňč …í r i,,False,
Uzbek,green,ja Éil,j a  É i l,,False,
Uzbek,grey,boz,b o z,,False,
Uzbek,colourful,…íla,…í l a,,False,
Uzbek,cheap,arz…ín,a r z …í n,,False,
Uzbek,expensive,qimňźat,q i mňź a t,,False,
Uzbek,precious,qimňźat,q i mňź a t,,False,
Uzbek,blind,kor,k o r,,False,
Uzbek,deaf,…°araŇč,g a r a Ňč,,False,
Uzbek,powerful,kutÕ° Éli,k u t É l i,,False,
Uzbek,strong,quwňźatli,q u wňź a t l i,,False,
Uzbek,weak,kutÕ° Ésiz,k u t É s i z,,False,
Uzbek,fat,s…õmiz,s …õ m i z,,False,
Uzbek,slim,iŇčitÕ° Éka,i Ňč i t É k a,,False,
Uzbek,pretty,korkam,k o r k a m,,False,
Uzbek,evil,j…íwuz,j …í w u z,,False,
Uzbek,stupid,aqlsiz,a q l s i z,,False,
Uzbek,lazy,√¶rintÕ° Éak,√¶ r i n t É a k,,False,
Uzbek,diligent,i ÉtÕ° Éan,i  É t É a n,,False,
Uzbek,stingy,qurums…íq,q u r u m s …í q,,False,
Uzbek,clever,…íqil,…í q i l,,False,
Uzbek,skilful,√¶ptÕ° Éil,√¶ p t É i l,,False,
Uzbek,dear,aziz,a z i z,,False,
Uzbek,merry,tÕ° ÉaqtÕ° Éaq,t É a q t É a q,,False,
Uzbek,gentle,asta,a s t a,,False,
Uzbek,hungry,…ítÕ° É,…í t É,,False,
Uzbek,"sick, ill",kasal,k a s a l,,False,
Uzbek,naked,jalaŇč,j a l a Ňč,,False,
Uzbek,sad,Ōáafa,Ōá a f a,,True,phon_strong:ar_pe_f
Uzbek,living,haj…ítij,h a j …í t i j,,True,phon_strong:ar_pe_h
Uzbek,good,s…íz,s …í z,,False,
Uzbek,bad,j…ím…ín,j …í m …í n,,False,
Uzbek,correct,r…íst,r …í s t,,False,
Uzbek,"nasty, dire",j…íwuz,j …í w u z,,False,
Uzbek,true,haqiqij,h a q i q i j,,True,phon_strong:ar_pe_h
Uzbek,old,√¶ski,√¶ s k i,,False,
Uzbek,new,jaŇči,j a Ňč i,,False,
Uzbek,former,s…íbiq,s …í b i q,,False,
Uzbek,"aged, old",qari,q a r i,,False,
Uzbek,young,nawqir…ín,n a w q i r …í n,,False,
Uzbek,poor,ab…°…ír,a b g …í r,,False,
Uzbek,rich,b…íj,b …í j,,False,
Uzbek,familiar,ma Ēlum,m a  Ē l u m,,True,phon_strong:ar_glottal
Uzbek,famous,ma Éhur,m a  É h u r,,True,phon_strong:ar_pe_h
Uzbek,foreign,j…ít,j …í t,,False,
Uzbek,different,turli,t u r l i,,False,
Uzbek,near,jaqinda…°i,j a q i n d a g i,,False,
Uzbek,far,uz…íq,u z …í q,,False,
Uzbek,left,sol,s o l,,False,
Uzbek,right,oŇč,o Ňč,,False,
Uzbek,other,b…í Éqa,b …í  É q a,,False,
Uzbek,first,birintÕ° Éi,b i r i n t É i,,False,
Uzbek,second,ikňźintÕ° Éi,i kňź i n t É i,,False,
Uzbek,third,utÕ° ÉintÕ° Éi,u t É i n t É i,,False,
Uzbek,last,…íŌáir…°i,…í Ōá i r g i,,False,
Uzbek,alone,ozitÕ° Éa,o z i t É a,,False,
Uzbek,at once,warakaj,w a r a k a j,,False,
Uzbek,together,bar…íbar,b a r …í b a r,,False,
Uzbek,suddenly,qoqňźisdan,q o qňź i s d a n,,False,
Uzbek,instantly,darňź…íw,d a rňź …í w,,False,
Uzbek,later,soŇčra,s o Ňč r a,,False,
Uzbek,now,h…ízir…°ina,h …í z i r g i n a,,True,phon_strong:ar_pe_h
Uzbek,today,bu…°un,b u g u n,,False,
Uzbek,tomorrow,√¶rta,√¶ r t a,,False,
Uzbek,soon,t…íz,t …í z,,False,
Uzbek,then,k…õjin,k …õ j i n,,False,
Uzbek,yesterday,k…õtÕ° Éa,k …õ t É a,,False,
Uzbek,once,awňźalňźari,a wňź a lňź a r i,,False,
Uzbek,at that time,u…°al,u g a l,,False,
Uzbek,afterwards,soŇčra,s o Ňč r a,,False,
Uzbek,before,awňźal,a wňź a l,,False,
Uzbek,at first,awňźal,a wňź a l,,False,
Uzbek,once,bir_marta,b i r + m a r t a,,False,
Uzbek,sometimes,…índas…índa,…í n d a s …í n d a,,False,
Uzbek,often,t…õzt…õz,t …õ z t …õ z,,False,
Uzbek,always,har_waqt,h a r + w a q t,,True,phon_strong:ar_pe_h
Uzbek,never,har…°iz,h a r g i z,,True,phon_strong:ar_pe_h
Uzbek,here, Éu_…õrda, É u + …õ r d a,,False,
Uzbek,hither,b…õri,b …õ r i,,False,
Uzbek,hence, Éu_…õrdan, É u + …õ r d a n,,False,
Uzbek,there,ana,a n a,,False,
Uzbek,thither,u_j…õr…°a,u + j …õ r g a,,False,
Uzbek,ahead,to…£ri,t o …£ r i,,False,
Uzbek,forward,il…°ari,i l g a r i,,False,
Uzbek,backward,q…íl…íq,q …í l …í q,,False,
Uzbek,back,…írqada,…í r q a d a,,False,
Uzbek,below,pastda,p a s t d a,,False,
Uzbek,down,tubaŇča,t u b a Ňč a,,False,
Uzbek,above,ustida,u s t i d a,,False,
Uzbek,up,juq…írida,j u q …í r i d a,,False,
Uzbek,everywhere,har_…õrda,h a r + …õ r d a,,True,phon_strong:ar_pe_h
Uzbek,a little,bir…íz,b i r …í z,,False,
Uzbek,hardly,araŇč,a r a Ňč,,False,
Uzbek,very,antÕ° Éa,a n t É a,,False,
Uzbek,so, Éundaj, É u n d a j,,False,
Uzbek,still,hali,h a l i,,True,phon_strong:ar_pe_h
Uzbek,only,j…íl…£iz,j …í l …£ i z,,False,
Uzbek,already,…õndi,…õ n d i,,False,
Uzbek,again,jana,j a n a,,False,
Uzbek,in vain,b…õk…ír…°a,b …õ k …í r g a,,False,
Uzbek,in front of,burun,b u r u n,,False,
Uzbek,behind,k…õtida,k …õ t i d a,,False,
Uzbek,under,…ístida,…í s t i d a,,False,
Uzbek,through,bojlab,b o j l a b,,False,
Uzbek,next to,j…ínida,j …í n i d a,,False,
Uzbek,between,…írada,…í r a d a,,False,
Uzbek,because of,sababli,s a b a b l i,,False,
Uzbek,everything,har_nima,h a r + n i m a,,True,phon_strong:ar_pe_h
Uzbek,thou,s…õn,s …õ n,,False,
Uzbek,he,u,u,,False,
Uzbek,you,siz,s i z,,False,
Uzbek,they,ular,u l a r,,False,
Uzbek,where,qa…õrda,q a …õ r d a,,False,
Uzbek,where to,qaj…õr…°a,q a j …õ r g a,,False,
Uzbek,how,qandaj,q a n d a j,,False,
Uzbek,why,n…õ…°a,n …õ g a,,False,
Uzbek,how much,qantÕ° Éa,q a n t É a,,False,
Uzbek,three,utÕ° É,u t É,,False,
Uzbek,four,tort,t o r t,,False,
Uzbek,five,b…õ É,b …õ  É,,False,
Uzbek,six,…ílti,…í l t i,,False,
Uzbek,seven,…õtňźi,…õ tňź i,,False,
Uzbek,eight,sakňźiz,s a kňź i z,,False,
Uzbek,nine,toqňźiz,t o qňź i z,,False,
Uzbek,ten,on,o n,,False,
Uzbek,and,wa,w a,,False,
Uzbek,or,j…í,j …í,,False,
Uzbek,stand,turm…íq,t u r m …í q,,False,
Uzbek,sit,otirm…íq,o t i r m …í q,,False,
Uzbek,lie,j…ítm…íq,j …í t m …í q,,False,
Uzbek,hang,…ísilm…íq,…í s i l m …í q,,False,
Uzbek,become,bolm…íq,b o l m …í q,,False,
Uzbek,happen,bolib_otm…íq,b o l i b + o t m …í q,,False,
Uzbek,begin,b…í Élanm…íq,b …í  É l a n m …í q,,False,
Uzbek,end,bitm…íq,b i t m …í q,,False,
Uzbek,change,oz…°arm…íq,o z g a r m …í q,,False,
Uzbek,rise,tÕ° Éiqm…íq,t É i q m …í q,,False,
Uzbek,set,b…ítm…íq,b …í t m …í q,,False,
Uzbek,shine,jaraqlam…íq,j a r a q l a m …í q,,False,
Uzbek,thunder,…°ulduram…íq,g u l d u r a m …í q,,False,
Uzbek,blow,…õlpim…íq,…õ l p i m …í q,,False,
Uzbek,stream,…íqm…íq,…í q m …í q,,False,
Uzbek,flow,…íqm…íq,…í q m …í q,,False,
Uzbek,revolve,ajlanm…íq,a j l a n m …í q,,False,
Uzbek,sway,q…íqilm…íq,q …í q i l m …í q,,False,
Uzbek,swing,l…ípilňźam…íq,l …í p i lňź a m …í q,,False,
Uzbek,fall,tu Ém…íq,t u  É m …í q,,False,
Uzbek,burn,j…ínm…íq,j …í n m …í q,,False,
Uzbek,smoke,tutam…íq,t u t a m …í q,,False,
Uzbek,rain,j…ím…£ir_j…í…£m…íq,j …í m …£ i r + j …í …£ m …í q,,False,
Uzbek,freeze,muzlam…íq,m u z l a m …í q,,False,
Uzbek,thaw,√¶rim…íq,√¶ r i m …í q,,False,
Uzbek,melt,√¶rim…íq,√¶ r i m …í q,,False,
Uzbek,dry,qurim…íq,q u r i m …í q,,False,
Uzbek,boil,qajnam…íq,q a j n a m …í q,,False,
Uzbek,rot,tÕ° Éirim…íq,t É i r i m …í q,,False,
Uzbek,decay,tÕ° Éirim…íq,t É i r i m …í q,,False,
Uzbek,snap,qajt_qilm…íq,q a j t + q i l m …í q,,False,
Uzbek,sink,…£arq_bolm…íq,…£ a r q + b o l m …í q,,False,
Uzbek,pass,otm…íq,o t m …í q,,False,
Uzbek,appear,zuhur_√¶tm…íq,z u h u r + √¶ t m …í q,,True,phon_strong:ar_pe_h
Uzbek,disappear,joq…ílm…íq,j o q …í l m …í q,,False,
Uzbek,"drop, descend",pasajm…íq,p a s a j m …í q,,False,
Uzbek,decrease,kamajm…íq,k a m a j m …í q,,False,
Uzbek,increase,urtÕ° Éim…íq,u r t É i m …í q,,False,
Uzbek,rise,…í Ém…íq,…í  É m …í q,,False,
Uzbek,grow,osm…íq,o s m …í q,,False,
Uzbek,shine,p…írlam…íq,p …í r l a m …í q,,False,
Uzbek,"sparkle, twinkle",jalt_√¶tm…íq,j a l t + √¶ t m …í q,,False,
Uzbek,be noisy,taraq_√¶tm…íq,t a r a q + √¶ t m …í q,,False,
Uzbek,chime,dÕ° íiriŇčlam…íq,d í i r i Ňč l a m …í q,,False,
Uzbek,ring,dÕ° íiriŇčlam…íq,d í i r i Ňč l a m …í q,,False,
Uzbek,tinkle, Éaraqlam…íq, É a r a q l a m …í q,,False,
Uzbek,roar,wa…£ilňźam…íq,w a …£ i lňź a m …í q,,False,
Uzbek,rustle, Éitirlam…íq, É i t i r l a m …í q,,False,
Uzbek,sound,jaŇčram…íq,j a Ňč r a m …í q,,False,
Uzbek,howl,uwlam…íq,u w l a m …í q,,False,
Uzbek,blow,puflam…íq,p u f l a m …í q,,True,phon_strong:ar_pe_f
Uzbek,whistle,Ōáu Étak_tÕ° Éalm…íq,Ōá u  É t a k + t É a l m …í q,,False,
Uzbek,shout,qijqirm…íq,q i j q i r m …í q,,False,
Uzbek,groan,n…íla_qilm…íq,n …í l a + q i l m …í q,,False,
Uzbek,tremble,titram…íq,t i t r a m …í q,,False,
Uzbek,live,ja Éam…íq,j a  É a m …í q,,False,
Uzbek,be born,tu…£ilm…íq,t u …£ i l m …í q,,False,
Uzbek,breathe,nafas_tÕ° Éiqarm…íq,n a f a s + t É i q a r m …í q,,True,phon_strong:ar_pe_f
Uzbek,drink,itÕ° Ém…íq,i t É m …í q,,False,
Uzbek,eat,…õm…íq,…õ m …í q,,False,
Uzbek,swallow,jutm…íq,j u t m …í q,,False,
Uzbek,get tired,h…írim…íq,h …í r i m …í q,,True,phon_strong:ar_pe_h
Uzbek,fall asleep,uŌálab_q…ílm…íq,u Ōá l a b + q …í l m …í q,,False,
Uzbek,sleep,uŌálam…íq,u Ōá l a m …í q,,False,
Uzbek,wake up,uj…£…ínm…íq,u j …£ …í n m …í q,,False,
Uzbek,get up,qopm…íq,q o p m …í q,,False,
Uzbek,relax,dam_…ílm…íq,d a m + …í l m …í q,,False,
Uzbek,fall ill,kasalňźanm…íq,k a s a lňź a n m …í q,,False,
Uzbek,be ill,b…õt…íb_j…ítm…íq,b …õ t …í b + j …í t m …í q,,False,
Uzbek,ache,…í…£rim…íq,…í …£ r i m …í q,,False,
Uzbek,cough,jotalm…íq,j o t a l m …í q,,False,
Uzbek,recover,tuzalm…íq,t u z a l m …í q,,False,
Uzbek,die,olm…íq,o l m …í q,,False,
Uzbek,perish,hal…ík_bolm…íq,h a l …í k + b o l m …í q,,True,phon_strong:ar_pe_h
Uzbek,move,harakat_qilm…íq,h a r a k a t + q i l m …í q,,True,phon_strong:ar_pe_h
Uzbek,budge,qimirlam…íq,q i m i r l a m …í q,,False,
Uzbek,stand up,qopm…íq,q o p m …í q,,False,
Uzbek,sit down,otirm…íq,o t i r m …í q,,False,
Uzbek,tumble,jiqilm…íq,j i q i l m …í q,,False,
Uzbek,walk,jurm…íq,j u r m …í q,,False,
Uzbek,step,jurm…íq,j u r m …í q,,False,
Uzbek,take a walk,sajr_√¶tm…íq,s a j r + √¶ t m …í q,,False,
Uzbek,rush,t…õzlam…íq,t …õ z l a m …í q,,False,
Uzbek,hurry, É…í Ém…íq, É …í  É m …í q,,False,
Uzbek,dash,tÕ° É…ípqilňźam…íq,t É …í p q i lňź a m …í q,,False,
Uzbek,run,ju…°urm…íq,j u g u r m …í q,,False,
Uzbek,jump,sakram…íq,s a k r a m …í q,,False,
Uzbek,climb,juq…írilam…íq,j u q …í r i l a m …í q,,False,
Uzbek,seesaw,ir…£am…íq,i r …£ a m …í q,,False,
Uzbek,creep,√¶maklam…íq,√¶ m a k l a m …í q,,False,
Uzbek,swim,suzm…íq,s u z m …í q,,False,
Uzbek,dive,tÕ° Éuňźmňź…íq,t É uňź mňź …í q,,False,
Uzbek,row,…õ Ékak_…õ Ém…íq,…õ  É k a k + …õ  É m …í q,,False,
Uzbek,drive,hajdam…íq,h a j d a m …í q,,True,phon_strong:ar_pe_h
Uzbek,fly,utÕ° Ém…íq,u t É m …í q,,False,
Uzbek,go,b…írm…íq,b …í r m …í q,,False,
Uzbek,go away,k…õt…íq,k …õ t …í q,,False,
Uzbek,depart,dÕ° íonam…íq,d í o n a m …í q,,False,
Uzbek,stop,toŌátam…íq,t o Ōá t a m …í q,,False,
Uzbek,go in,kirm…íq,k i r m …í q,,False,
Uzbek,enter,kirm…íq,k i r m …í q,,False,
Uzbek,come,k…õlm…íq,k …õ l m …í q,,False,
Uzbek,arrive,…õtib_k…õlm…íq,…õ t i b + k …õ l m …í q,,False,
Uzbek,come back,qajtib_k…õlm…íq,q a j t i b + k …õ l m …í q,,False,
Uzbek,stay,q…ílm…íq,q …í l m …í q,,False,
Uzbek,wait,p…íjlam…íq,p …í j l a m …í q,,False,
Uzbek,await,kutm…íq,k u t m …í q,,False,
Uzbek,look for,izlam…íq,i z l a m …í q,,False,
Uzbek,find,t…ípm…íq,t …í p m …í q,,False,
Uzbek,try,tÕ° Éali Ém…íq,t É a l i  É m …í q,,False,
Uzbek,prepare,h…ízirlam…íq,h …í z i r l a m …í q,,True,phon_strong:ar_pe_h
Uzbek,love,s…õwm…íq,s …õ w m …í q,,False,
Uzbek,like,ard…íqlam…íq,a r d …í q l a m …í q,,False,
Uzbek,laugh,kulm…íq,k u l m …í q,,False,
Uzbek,move,ta Ēsirlantirm…íq,t a  Ē s i r l a n t i r m …í q,,True,phon_strong:ar_glottal
Uzbek,"weep, cry",ji…£lam…íq,j i …£ l a m …í q,,False,
Uzbek,grumble,k…íjinm…íq,k …í j i n m …í q,,False,
Uzbek,be annoyed,…£azab_qilm…íq,…£ a z a b + q i l m …í q,,False,
Uzbek,be afraid,hurkm…íq,h u r k m …í q,,True,phon_strong:ar_pe_h
Uzbek,be afraid of,qorqm…íq,q o r q m …í q,,False,
Uzbek,flee,q…ítÕ° Ém…íq,q …í t É m …í q,,False,
Uzbek,escape,q…ítÕ° Ém…íq,q …í t É m …í q,,False,
Uzbek,see,korm…íq,k o r m …í q,,False,
Uzbek,look at,razm_s…ílm…íq,r a z m + s …í l m …í q,,False,
Uzbek,watch,razm_qilm…íq,r a z m + q i l m …í q,,False,
Uzbek,hear,√¶ Éitm…íq,√¶  É i t m …í q,,False,
Uzbek,listen,tiŇčlam…íq,t i Ňč l a m …í q,,False,
Uzbek,taste,tatib_korm…íq,t a t i b + k o r m …í q,,False,
Uzbek,smell,iskam…íq,i s k a m …í q,,False,
Uzbek,feel,s…õzm…íq,s …õ z m …í q,,False,
Uzbek,seem,tujilm…íq,t u j i l m …í q,,False,
Uzbek,show,korinm…íq,k o r i n m …í q,,False,
Uzbek,hear,√¶ Éitm…íq,√¶  É i t m …í q,,False,
Uzbek,be cold,s…íwuq_q…ítm…íq,s …í w u q + q …í t m …í q,,False,
Uzbek,do,√¶tm…íq,√¶ t m …í q,,False,
Uzbek,can,a_…ílm…íq,a + …í l m …í q,,False,
Uzbek,can,j_…ílm…íq,j + …í l m …í q,,False,
Uzbek,want,istam…íq,i s t a m …í q,,False,
Uzbek,start,b…í Élam…íq,b …í  É l a m …í q,,False,
Uzbek,finish,bitirm…íq,b i t i r m …í q,,False,
Uzbek,stop,tinm…íq,t i n m …í q,,False,
Uzbek,succeed,muwafňźaqijat_q…íz…ínm…íq,m u w a fňź a q i j a t + q …í z …í n m …í q,,False,
Uzbek,turn out,bolm…íq,b o l m …í q,,False,
Uzbek,open,…ítÕ° Ém…íq,…í t É m …í q,,False,
Uzbek,close,j…ípm…íq,j …í p m …í q,,False,
Uzbek,put,qojm…íq,q o j m …í q,,False,
Uzbek,place,otqazm…íq,o t q a z m …í q,,False,
Uzbek,lay,j…ítqizm…íq,j …í t q i z m …í q,,False,
Uzbek,touch,t…õ…°m…íq,t …õ g m …í q,,False,
Uzbek,connect,ulam…íq,u l a m …í q,,False,
Uzbek,cover,b…õkitm…íq,b …õ k i t m …í q,,False,
Uzbek,hang up,ildirm…íq,i l d i r m …í q,,False,
Uzbek,light,j…índirm…íq,j …í n d i r m …í q,,False,
Uzbek,pick up,kotarm…íq,k o t a r m …í q,,False,
Uzbek,leave,ajrilm…íq,a j r i l m …í q,,False,
Uzbek,lose,joq…ítm…íq,j o q …í t m …í q,,False,
Uzbek,drop,tu Éirm…íq,t u  É i r m …í q,,False,
Uzbek,make,qilm…íq,q i l m …í q,,False,
Uzbek,produce,tÕ° Éiqarm…íq,t É i q a r m …í q,,False,
Uzbek,build,s…ílm…íq,s …í l m …í q,,False,
Uzbek,"repair, mend",tuzatm…íq,t u z a t m …í q,,False,
Uzbek,improve,isl…íh_qilm…íq,i s l …í h + q i l m …í q,,True,phon_strong:ar_pe_h
Uzbek,alter,oz…°artirm…íq,o z g a r t i r m …í q,,False,
Uzbek,dig,qazim…íq,q a z i m …í q,,False,
Uzbek,bow,bukm…íq,b u k m …í q,,False,
Uzbek,bend,bukm…íq,b u k m …í q,,False,
Uzbek,spin,ajlantirm…íq,a j l a n t i r m …í q,,False,
Uzbek,turn over,burm…íq,b u r m …í q,,False,
Uzbek,"turn, turn around",a…£darm…íq,a …£ d a r m …í q,,False,
Uzbek,raise,juksaltirm…íq,j u k s a l t i r m …í q,,False,
Uzbek,lift,kotarm…íq,k o t a r m …í q,,False,
Uzbek,seize,tutamlam…íq,t u t a m l a m …í q,,False,
Uzbek,hold,tutm…íq,t u t m …í q,,False,
Uzbek,press,b…ísm…íq,b …í s m …í q,,False,
Uzbek,push,surm…íq,s u r m …í q,,False,
Uzbek,scrape,qa Éim…íq,q a  É i m …í q,,False,
Uzbek,lick,midÕ° íim…íq,m i d í i m …í q,,False,
Uzbek,bite,ti Élam…íq,t i  É l a m …í q,,False,
Uzbek,tear off,…õmirm…íq,…õ m i r m …í q,,False,
Uzbek,cut off,tÕ° Éort_k…õsm…íq,t É o r t + k …õ s m …í q,,False,
Uzbek,tie,b…í…£lam…íq,b …í …£ l a m …í q,,False,
Uzbek,stick,suqm…íq,s u q m …í q,,False,
Uzbek,break,sindirm…íq,s i n d i r m …í q,,False,
Uzbek,knock,dukurlam…íq,d u k u r l a m …í q,,False,
Uzbek,hit,urm…íq,u r m …í q,,False,
Uzbek,glue,j…ípi Étirm…íq,j …í p i  É t i r m …í q,,False,
Uzbek,rub,surkam…íq,s u r k a m …í q,,False,
Uzbek,spread,surkam…íq,s u r k a m …í q,,False,
Uzbek,sharpen,qajram…íq,q a j r a m …í q,,False,
Uzbek,cut,k…õsm…íq,k …õ s m …í q,,False,
Uzbek,jog,tÕ° Éajqam…íq,t É a j q a m …í q,,False,
Uzbek,shake,tÕ° Éajqam…íq,t É a j q a m …í q,,False,
Uzbek,swing,tÕ° Éajqatm…íq,t É a j q a t m …í q,,False,
Uzbek,pour,qujm…íq,q u j m …í q,,False,
Uzbek,fill,toldirm…íq,t o l d i r m …í q,,False,
Uzbek,wrap,tÕ° Éul…£am…íq,t É u l …£ a m …í q,,False,
Uzbek,carry,ta Éim…íq,t a  É i m …í q,,False,
Uzbek,drag,sudram…íq,s u d r a m …í q,,False,
Uzbek,pull,t…írtm…íq,t …í r t m …í q,,False,
Uzbek,keep,tutm…íq,t u t m …í q,,False,
Uzbek,throw,ta Élam…íq,t a  É l a m …í q,,False,
Uzbek,catch,tutm…íq,t u t m …í q,,False,
Uzbek,grab,…ípq…ítÕ° Ém…íq,…í p q …í t É m …í q,,False,
Uzbek,hide,ja Éirm…íq,j a  É i r m …í q,,False,
Uzbek,divide,bolm…íq,b o l m …í q,,False,
Uzbek,send,jub…írm…íq,j u b …í r m …í q,,False,
Uzbek,bring,k…õltirm…íq,k …õ l t i r m …í q,,False,
Uzbek,add,tirkam…íq,t i r k a m …í q,,False,
Uzbek,get,…ílm…íq,…í l m …í q,,False,
Uzbek,receive,…ílm…íq,…í l m …í q,,False,
Uzbek,take,…ílm…íq,…í l m …í q,,False,
Uzbek,choose,sajlam…íq,s a j l a m …í q,,False,
Uzbek,select,sajlam…íq,s a j l a m …í q,,False,
Uzbek,preserve,saqlam…íq,s a q l a m …í q,,False,
Uzbek,hinder,Ōáalal_b…õrm…íq,Ōá a l a l + b …õ r m …í q,,False,
Uzbek,spoil,Ōáaz…ín_qilm…íq,Ōá a z …í n + q i l m …í q,,False,
Uzbek,damage,buzm…íq,b u z m …í q,,False,
Uzbek,break,sindirm…íq,s i n d i r m …í q,,False,
Uzbek,tear,jirtm…íq,j i r t m …í q,,False,
Uzbek,destroy,wajr…ín_qilm…íq,w a j r …í n + q i l m …í q,,False,
Uzbek,burn,kujdirm…íq,k u j d i r m …í q,,False,
Uzbek,give,b…õrm…íq,b …õ r m …í q,,False,
Uzbek,hand,b…õrm…íq,b …õ r m …í q,,False,
Uzbek,give,s…íw…£a_qilm…íq,s …í w …£ a + q i l m …í q,,False,
Uzbek,promise,wa Ēda_b…õrm…íq,w a  Ē d a + b …õ r m …í q,,True,phon_strong:ar_glottal
Uzbek,wish,…írziqm…íq,…í r z i q m …í q,,False,
Uzbek,praise,maqtam…íq,m a q t a m …í q,,False,
Uzbek,kiss,opm…íq,o p m …í q,,False,
Uzbek,rock,t…õbratm…íq,t …õ b r a t m …í q,,False,
Uzbek,cover,j…ípm…íq,j …í p m …í q,,False,
Uzbek,wake,uj…£…ítm…íq,u j …£ …í t m …í q,,False,
Uzbek,show,korsatm…íq,k o r s a t m …í q,,False,
Uzbek,guide,b…í Élik_bolm…íq,b …í  É l i k + b o l m …í q,,False,
Uzbek,teach,or…°atm…íq,o r g a t m …í q,,False,
Uzbek,instruct,dars_b…õrm…íq,d a r s + b …õ r m …í q,,False,
Uzbek,bring up,ostirm…íq,o s t i r m …í q,,False,
Uzbek,lead,b…í Éqarm…íq,b …í  É q a r m …í q,,False,
Uzbek,urge, É…í Éiltirm…íq, É …í  É i l t i r m …í q,,False,
Uzbek,let,ruŌásat_b…õrm…íq,r u Ōá s a t + b …õ r m …í q,,False,
Uzbek,invite,taklif_kilm…íq,t a k l i f + k i l m …í q,,True,phon_strong:ar_pe_f
Uzbek,unite,qo Ém…íq,q o  É m …í q,,False,
Uzbek,visit,m…õhm…íŇča_b…írm…íq,m …õ h m …í Ňč a + b …í r m …í q,,True,phon_strong:ar_pe_h
Uzbek,meet,dutÕ° É…ír_bolm…íq,d u t É …í r + b o l m …í q,,False,
Uzbek,assemble,toplanm…íq,t o p l a n m …í q,,False,
Uzbek,play,ojnam…íq,o j n a m …í q,,False,
Uzbek,sing,jalňźa_qilm…íq,j a lňź a + q i l m …í q,,False,
Uzbek,dance,raqs_qilm…íq,r a q s + q i l m …í q,,False,
Uzbek,separate,jakňźalanm…íq,j a kňź a l a n m …í q,,False,
Uzbek,leave,q…íldirm…íq,q …í l d i r m …í q,,False,
Uzbek,rescue,qutqazm…íq,q u t q a z m …í q,,False,
Uzbek,guard,qorim…íq,q o r i m …í q,,False,
Uzbek,protect,j…íni…°a_…ílm…íq,j …í n i g a + …í l m …í q,,False,
Uzbek,defend,j…íqlam…íq,j …í q l a m …í q,,False,
Uzbek,brawl,j…íqala Ém…íq,j …í q a l a  É m …í q,,False,
Uzbek,shoot,…ítm…íq,…í t m …í q,,False,
Uzbek,win,…õŇčm…íq,…õ Ňč m …í q,,False,
Uzbek,annoy,dÕ° íahl_tÕ° Éiqarm…íq,d í a h l + t É i q a r m …í q,,True,phon_strong:ar_pe_h
Uzbek,beat,urm…íq,u r m …í q,,False,
Uzbek,kick,t…õpm…íq,t …õ p m …í q,,False,
Uzbek,sting,qadam…íq,q a d a m …í q,,False,
Uzbek,shove,turtm…íq,t u r t m …í q,,False,
Uzbek,steal,o…£rilam…íq,o …£ r i l a m …í q,,False,
Uzbek,disturb,t…õbratm…íq,t …õ b r a t m …í q,,False,
Uzbek,bother,…£a Éini_k…õltirm…íq,…£ a  É i n i + k …õ l t i r m …í q,,False,
Uzbek,conceal,b…õrkitm…íq,b …õ r k i t m …í q,,False,
Uzbek,deceive,aldam…íq,a l d a m …í q,,False,
Uzbek,cheat,tirňźiq_qilm…íq,t i rňź i q + q i l m …í q,,False,
Uzbek,kill,oldirm…íq,o l d i r m …í q,,False,
Uzbek,dwell,istiq…ímat_qilm…íq,i s t i q …í m a t + q i l m …í q,,False,
Uzbek,work,i Élam…íq,i  É l a m …í q,,False,
Uzbek,gather,ji…£m…íq,j i …£ m …í q,,False,
Uzbek,pick,t…õrm…íq,t …õ r m …í q,,False,
Uzbek,hunt,…íw_qilm…íq,…í w + q i l m …í q,,False,
Uzbek,catch,ilinm…íq,i l i n m …í q,,False,
Uzbek,herd,b…íqtirm…íq,b …í q t i r m …í q,,False,
Uzbek,drive,hajdam…íq,h a j d a m …í q,,True,phon_strong:ar_pe_h
Uzbek,tie up,b…í…£lam…íq,b …í …£ l a m …í q,,False,
Uzbek,feed,…õdirm…íq,…õ d i r m …í q,,False,
Uzbek,milk,s…í…£m…íq,s …í …£ m …í q,,False,
Uzbek,chop,tÕ° É…ípm…íq,t É …í p m …í q,,False,
Uzbek,water,…íqizm…íq,…í q i z m …í q,,False,
Uzbek,ripen,qizarm…íq,q i z a r m …í q,,False,
Uzbek,cook,pi Éirm…íq,p i  É i r m …í q,,False,
Uzbek,boil,qajnatm…íq,q a j n a t m …í q,,False,
Uzbek,bake,j…ípm…íq,j …í p m …í q,,False,
Uzbek,fry,q…íwurm…íq,q …í w u r m …í q,,False,
Uzbek,stir,atalam…íq,a t a l a m …í q,,False,
Uzbek,knit,toqim…íq,t o q i m …í q,,False,
Uzbek,sew,tikm…íq,t i k m …í q,,False,
Uzbek,dye,boj…íqlam…íq,b o j …í q l a m …í q,,False,
Uzbek,clean,t…ízalam…íq,t …í z a l a m …í q,,False,
Uzbek,wash,juwm…íq,j u w m …í q,,False,
Uzbek,wipe,surkam…íq,s u r k a m …í q,,False,
Uzbek,rinse,tÕ° Éajm…íq,t É a j m …í q,,False,
Uzbek,sweep,tÕ° Éotkalam…íq,t É o t k a l a m …í q,,False,
Uzbek,sweep,supurm…íq,s u p u r m …í q,,False,
Uzbek,bath,tÕ° Éomilm…íq,t É o m i l m …í q,,False,
Uzbek,wash,juwinm…íq,j u w i n m …í q,,False,
Uzbek,take off,…õtÕ° Éintirm…íq,…õ t É i n t i r m …í q,,False,
Uzbek,put on,kijm…íq,k i j m …í q,,False,
Uzbek,get dressed,kijinm…íq,k i j i n m …í q,,False,
Uzbek,comb,taram…íq,t a r a m …í q,,False,
Uzbek,decorate,jasatm…íq,j a s a t m …í q,,False,
Uzbek,say,ajtm…íq,a j t m …í q,,False,
Uzbek,speak,sozlam…íq,s o z l a m …í q,,False,
Uzbek,talk,…°apirm…íq,g a p i r m …í q,,False,
Uzbek,chat,suhbatla Ém…íq,s u h b a t l a  É m …í q,,True,phon_strong:ar_pe_h
Uzbek,ask,soram…íq,s o r a m …í q,,False,
Uzbek,request,iltim…ís_qilm…íq,i l t i m …í s + q i l m …í q,,False,
Uzbek,tell,ajtib_b…õrm…íq,a j t i b + b …õ r m …í q,,False,
Uzbek,convey,bildirm…íq,b i l d i r m …í q,,False,
Uzbek,name,atam…íq,a t a m …í q,,False,
Uzbek,call,tÕ° Éaqirm…íq,t É a q i r m …í q,,False,
Uzbek,brag,…°…õrdajm…íq,g …õ r d a j m …í q,,False,
Uzbek,translate,tardÕ° íima_qilm…íq,t a r d í i m a + q i l m …í q,,False,
Uzbek,think,ojlam…íq,o j l a m …í q,,False,
Uzbek,believe,i É…ínm…íq,i  É …í n m …í q,,False,
Uzbek,notice,pajqam…íq,p a j q a m …í q,,False,
Uzbek,recognize,tanim…íq,t a n i m …í q,,False,
Uzbek,grasp,tu Éunm…íq,t u  É u n m …í q,,False,
Uzbek,understand,aŇčlam…íq,a Ňč l a m …í q,,False,
Uzbek,learn,oqim…íq,o q i m …í q,,False,
Uzbek,know,bilm…íq,b i l m …í q,,False,
Uzbek,remember,√¶sni_tanim…íq,√¶ s n i + t a n i m …í q,,False,
Uzbek,forget,unutm…íq,u n u t m …í q,,False,
Uzbek,measure,oltÕ° Éam…íq,o l t É a m …í q,,False,
Uzbek,count,raqamlam…íq,r a q a m l a m …í q,,False,
Uzbek,calculate,tÕ° Éotlam…íq,t É o t l a m …í q,,False,
Uzbek,read,oqim…íq,o q i m …í q,,False,
Uzbek,paint,rasm_s…ílm…íq,r a s m + s …í l m …í q,,False,
Uzbek,draw,tÕ° Éizm…íq,t É i z m …í q,,False,
Uzbek,write,j…ízm…íq,j …í z m …í q,,False,
Uzbek,own,√¶…°alam…íq,√¶ g a l a m …í q,,False,
Uzbek,buy,…ílm…íq,…í l m …í q,,False,
Uzbek,sell,s…ítm…íq,s …í t m …í q,,False,
Uzbek,pay for,tolam…íq,t o l a m …í q,,False,
Uzbek,pay,tolam…íq,t o l a m …í q,,False,
Uzbek,rule,√¶…°alam…íq,√¶ g a l a m …í q,,False,
Uzbek,endure,tÕ° Éidam…íq,t É i d a m …í q,,False,
